Time,T0,T1,T2,T3,T4
2026-08-04 17:02:46,-13.5,-15.1,0.0,5.0,30.0
2026-08-04 17:01:46,-13.5,-15.2,0.0,5.0,29.0
2026-08-04 17:00:46,-13.6,-15.3,0.0,5.0,29.0
2026-08-04 16:59:46,-13.6,-15.4,0.0,5.0,28.0
2026-08-04 16:58:46,-13.6,-15.5,1.0,5.0,26.0
2026-08-04 16:57:46,-13.5,-15.6,3.0,5.0,23.0
2026-08-04 16:56:46,-13.3,-15.5,3.0,6.0,21.0
2026-08-04 16:55:46,-13.2,-15.4,3.0,5.0,22.0
2026-08-04 16:54:46,-13.1,-15.2,3.0,6.0,22.0
2026-08-04 16:53:46,-12.9,-15.1,3.0,5.0,22.0
2026-08-04 16:52:46,-12.8,-15.0,2.0,5.0,23.0
2026-08-04 16:51:46,-12.7,-14.8,2.0,5.0,24.0
2026-08-04 16:50:46,-12.6,-14.7,2.0,5.0,24.0
2026-08-04 16:49:46,-12.5,-14.5,1.0,6.0,25.0
2026-08-04 16:48:46,-12.5,-14.4,1.0,5.0,26.0
2026-08-04 16:47:46,-12.5,-14.2,0.0,5.0,28.0
2026-08-04 16:46:46,-12.6,-14.2,0.0,4.0,32.0
2026-08-04 16:45:46,-12.7,-14.2,0.0,4.0,33.0
2026-08-04 16:44:46,-12.8,-14.2,0.0,4.0,33.0
2026-08-04 16:43:46,-12.9,-14.3,0.0,5.0,32.0
2026-08-04 16:42:46,-13.0,-14.4,1.0,5.0,29.0
2026-08-04 16:41:46,-13.1,-14.6,1.0,5.0,30.0
2026-08-04 16:40:46,-13.2,-14.8,0.0,4.0,31.0
2026-08-04 16:39:46,-13.3,-14.9,0.0,5.0,31.0
2026-08-04 16:38:46,-13.4,-15.0,0.0,5.0,30.0
2026-08-04 16:37:46,-13.5,-15.1,0.0,5.0,30.0
2026-08-04 16:36:46,-13.5,-15.2,0.0,5.0,29.0
2026-08-04 16:35:46,-13.6,-15.3,0.0,5.0,29.0
2026-08-04 16:34:46,-13.6,-15.4,0.0,5.0,28.0
2026-08-04 16:33:46,-13.6,-15.5,1.0,5.0,26.0
2026-08-04 16:32:46,-13.5,-15.6,3.0,5.0,23.0
2026-08-04 16:31:46,-13.4,-15.5,3.0,5.0,21.0
2026-08-04 16:30:46,-13.3,-15.4,3.0,5.0,22.0
2026-08-04 16:29:46,-13.2,-15.3,3.0,5.0,22.0
2026-08-04 16:28:46,-13.1,-15.2,3.0,5.0,22.0
2026-08-04 16:27:46,-12.9,-15.0,3.0,5.0,23.0
2026-08-04 16:26:46,-12.8,-14.9,2.0,5.0,23.0
2026-08-04 16:25:46,-12.7,-14.8,2.0,5.0,23.0
2026-08-04 16:24:46,-12.6,-14.6,2.0,5.0,24.0
2026-08-04 16:23:46,-12.5,-14.5,1.0,5.0,25.0
2026-08-04 16:22:46,-12.5,-14.3,0.0,5.0,27.0
2026-08-04 16:21:46,-12.5,-14.2,0.0,5.0,29.0
2026-08-04 16:20:46,-12.6,-14.0,0.0,4.0,33.0
2026-08-04 16:19:46,-12.6,-14.1,0.0,4.0,33.0
2026-08-04 16:18:46,-12.7,-14.1,0.0,5.0,33.0
2026-08-04 16:17:46,-12.7,-14.2,0.0,5.0,32.0
2026-08-04 16:16:46,-12.8,-14.2,0.0,5.0,33.0
2026-08-04 16:15:46,-12.8,-14.3,0.0,5.0,32.0
2026-08-04 16:14:46,-12.9,-14.3,0.0,5.0,32.0
2026-08-04 16:13:46,-13.0,-14.4,0.0,5.0,32.0
2026-08-04 16:12:46,-13.0,-14.5,0.0,6.0,31.0
2026-08-04 16:11:46,-13.1,-14.5,0.0,5.0,31.0
2026-08-04 16:10:46,-13.2,-14.6,0.0,5.0,31.0
2026-08-04 16:09:46,-13.3,-14.7,0.0,5.0,30.0
2026-08-04 16:08:46,-13.4,-14.9,1.0,5.0,30.0
2026-08-04 16:07:46,-13.4,-15.0,1.0,5.0,28.0
2026-08-04 16:06:46,-13.5,-15.2,1.0,5.0,28.0
2026-08-04 16:05:46,-13.5,-15.3,2.0,6.0,26.0
2026-08-04 16:04:46,-13.5,-15.4,4.0,6.0,23.0
2026-08-04 16:03:46,-13.4,-15.4,6.0,6.0,21.0
2026-08-04 16:02:46,-13.3,-15.4,6.0,6.0,20.0
2026-08-04 16:01:46,-13.2,-15.3,5.0,6.0,20.0
2026-08-04 16:00:46,-13.1,-15.2,4.0,6.0,20.0
2026-08-04 15:59:46,-13.0,-15.1,4.0,6.0,20.0
2026-08-04 15:58:46,-12.8,-14.9,4.0,6.0,21.0
2026-08-04 15:57:46,-12.7,-14.7,4.0,6.0,21.0
2026-08-04 15:56:46,-12.6,-14.6,4.0,6.0,21.0
2026-08-04 15:55:46,-12.4,-14.4,4.0,6.0,21.0
2026-08-04 15:54:46,-12.3,-14.3,4.0,6.0,21.0
2026-08-04 15:53:46,-12.2,-14.1,3.0,6.0,21.0
2026-08-04 15:52:46,-12.0,-14.0,3.0,6.0,22.0
2026-08-04 15:51:46,-11.9,-13.9,3.0,6.0,22.0
2026-08-04 15:50:46,-11.7,-13.7,3.0,6.0,22.0
2026-08-04 15:49:46,-11.6,-13.5,2.0,5.0,22.0
2026-08-04 15:48:46,-11.6,-13.4,1.0,5.0,22.0
2026-08-04 15:47:46,-11.5,-13.4,0.0,5.0,24.0
2026-08-04 15:46:46,-11.5,-13.4,0.0,6.0,26.0
2026-08-04 15:45:46,-11.6,-13.4,0.0,5.0,26.0
2026-08-04 15:44:46,-11.7,-13.5,1.0,5.0,26.0
2026-08-04 15:43:46,-11.8,-13.6,1.0,5.0,26.0
2026-08-04 15:42:46,-11.8,-13.7,1.0,5.0,25.0
2026-08-04 15:41:46,-11.9,-13.8,2.0,5.0,24.0
2026-08-04 15:40:46,-12.0,-13.9,2.0,5.0,24.0
2026-08-04 15:39:46,-12.2,-14.0,2.0,5.0,23.0
2026-08-04 15:38:46,-12.3,-14.1,3.0,5.0,22.0
2026-08-04 15:37:46,-12.3,-14.2,4.0,6.0,20.0
2026-08-04 15:36:46,-12.2,-14.2,7.0,6.0,18.0
2026-08-04 15:35:46,-12.0,-14.3,4.0,5.0,17.0
2026-08-04 15:34:46,-13.3,-15.4,5.0,5.0,13.0
2026-08-04 15:33:46,-13.2,-15.3,5.0,5.0,14.0
2026-08-04 15:32:46,-13.2,-15.2,5.0,5.0,14.0
2026-08-04 15:31:46,-13.0,-15.1,5.0,5.0,14.0
2026-08-04 15:30:46,-13.0,-15.0,5.0,5.0,14.0
2026-08-04 15:29:46,-12.9,-14.9,4.0,5.0,14.0
2026-08-04 15:28:46,-12.8,-14.8,4.0,5.0,14.0
2026-08-04 15:27:46,-12.7,-14.7,4.0,5.0,14.0
2026-08-04 15:26:46,-12.6,-14.5,4.0,5.0,14.0
2026-08-04 15:25:46,-12.5,-14.4,4.0,5.0,15.0
2026-08-04 15:24:46,-12.4,-14.3,4.0,5.0,15.0
2026-08-04 15:23:46,-12.2,-14.1,4.0,5.0,15.0
2026-08-04 15:22:46,-12.0,-14.0,4.0,4.0,15.0
2026-08-04 15:21:46,-11.9,-13.8,4.0,5.0,15.0
2026-08-04 15:20:46,-11.8,-13.6,3.0,4.0,15.0
2026-08-04 15:19:46,-11.6,-13.4,3.0,4.0,16.0
2026-08-04 15:18:46,-11.4,-13.2,3.0,4.0,16.0
2026-08-04 15:17:46,-11.1,-12.9,3.0,4.0,16.0
2026-08-04 15:16:46,-10.8,-12.7,3.0,4.0,17.0
2026-08-04 15:15:46,-10.5,-12.4,3.0,4.0,17.0
2026-08-04 15:14:46,-10.0,-12.1,2.0,4.0,17.0
2026-08-04 15:13:46,-8.7,-11.6,2.0,4.0,18.0
2026-08-04 15:12:46,-8.7,-11.0,1.0,4.0,20.0
2026-08-04 15:11:46,-7.5,-10.3,0.0,3.0,22.0
2026-08-04 15:10:46,-6.0,-9.4,0.0,3.0,25.0
2026-08-04 15:09:46,-3.9,-8.0,0.0,4.0,25.0
2026-08-04 15:08:46,-0.6,-5.5,0.0,4.0,24.0
2026-08-04 15:07:46,3.3,-2.4,2.0,4.0,23.0
2026-08-04 15:06:46,-0.4,-6.4,2.0,5.0,22.0
2026-08-04 15:05:46,-3.6,-8.2,3.0,5.0,21.0
2026-08-04 15:04:46,-15.2,-16.9,5.0,5.0,18.0
2026-08-04 15:03:46,-15.7,-16.9,6.0,5.0,17.0
2026-08-04 15:02:46,-15.5,-16.7,5.0,5.0,16.0
2026-08-04 15:01:46,-15.4,-16.6,3.0,4.0,16.0
2026-08-04 15:00:46,-15.2,-16.4,1.0,4.0,18.0
2026-08-04 14:59:46,-15.0,-16.2,0.0,4.0,18.0
2026-08-04 14:58:46,-14.9,-16.1,0.0,4.0,19.0
2026-08-04 14:57:46,-14.8,-15.9,0.0,3.0,20.0
2026-08-04 14:56:46,-14.7,-15.8,0.0,3.0,21.0
2026-08-04 14:55:46,-14.7,-15.7,0.0,3.0,26.0
2026-08-04 14:54:46,-14.7,-15.7,0.0,3.0,25.0
2026-08-04 14:53:46,-14.6,-15.7,0.0,3.0,24.0
2026-08-04 14:52:46,-14.6,-15.7,0.0,3.0,24.0
2026-08-04 14:51:46,-14.6,-15.7,0.0,4.0,23.0
2026-08-04 14:50:46,-14.6,-15.7,0.0,4.0,23.0
2026-08-04 14:49:46,-14.6,-15.7,0.0,4.0,23.0
2026-08-04 14:48:46,-14.6,-15.7,0.0,4.0,22.0
2026-08-04 14:47:46,-14.5,-15.6,0.0,4.0,22.0
2026-08-04 14:46:46,-14.5,-15.6,0.0,5.0,21.0
2026-08-04 14:45:46,-14.4,-15.6,0.0,5.0,21.0
2026-08-04 14:44:46,-14.3,-15.6,1.0,5.0,20.0
2026-08-04 14:43:46,-14.2,-15.5,1.0,5.0,20.0
2026-08-04 14:42:46,-14.2,-15.5,2.0,5.0,19.0
2026-08-04 14:41:46,-14.1,-15.4,3.0,5.0,19.0
2026-08-04 14:40:46,-14.1,-15.4,3.0,5.0,19.0
2026-08-04 14:39:46,-14.0,-15.5,4.0,5.0,19.0
2026-08-04 14:38:46,-14.1,-15.6,6.0,5.0,19.0
2026-08-04 14:37:46,-14.4,-16.0,7.0,4.0,19.0
2026-08-04 14:36:46,-14.5,-16.1,7.0,5.0,20.0
2026-08-04 14:35:46,-14.6,-16.2,7.0,4.0,20.0
2026-08-04 14:34:46,-14.7,-16.3,7.0,5.0,20.0
2026-08-04 14:33:46,-14.9,-16.4,7.0,4.0,20.0
2026-08-04 14:32:46,-15.0,-16.4,7.0,4.0,20.0
2026-08-04 14:31:46,-15.0,-16.5,7.0,5.0,20.0
2026-08-04 14:30:46,-15.2,-16.6,7.0,4.0,20.0
2026-08-04 14:29:46,-15.3,-16.7,7.0,4.0,20.0
2026-08-04 14:28:46,-15.4,-16.8,7.0,4.0,21.0
2026-08-04 14:27:46,-15.5,-16.9,7.0,4.0,21.0
2026-08-04 14:26:46,-15.6,-17.0,7.0,4.0,21.0
2026-08-04 14:25:46,-15.7,-17.1,7.0,4.0,21.0
2026-08-04 14:24:46,-15.8,-17.2,7.0,4.0,21.0
2026-08-04 14:23:46,-16.0,-17.4,6.0,5.0,21.0
2026-08-04 14:22:46,-16.1,-17.4,6.0,4.0,21.0
2026-08-04 14:21:46,-16.2,-17.5,6.0,4.0,21.0
2026-08-04 14:20:46,-16.3,-17.6,6.0,4.0,22.0
2026-08-04 14:19:46,-16.4,-17.8,6.0,5.0,22.0
2026-08-04 14:18:46,-16.6,-17.9,6.0,4.0,22.0
2026-08-04 14:17:46,-16.7,-18.0,6.0,4.0,22.0
2026-08-04 14:16:46,-16.8,-18.1,6.0,4.0,22.0
2026-08-04 14:15:46,-16.9,-18.3,6.0,4.0,22.0
2026-08-04 14:14:46,-17.0,-18.5,6.0,4.0,23.0
2026-08-04 14:13:46,-17.2,-18.6,6.0,4.0,23.0
2026-08-04 14:12:46,-17.3,-18.7,6.0,4.0,23.0
2026-08-04 14:11:46,-17.4,-18.9,6.0,4.0,23.0
2026-08-04 14:10:46,-17.5,-19.0,5.0,4.0,23.0
2026-08-04 14:09:46,-17.7,-19.2,5.0,5.0,23.0
2026-08-04 14:08:46,-17.8,-19.3,5.0,4.0,23.0
2026-08-04 14:07:46,-17.9,-19.5,5.0,4.0,23.0
2026-08-04 14:06:46,-18.0,-19.6,5.0,4.0,23.0
2026-08-04 14:05:46,-18.1,-19.8,5.0,4.0,23.0
2026-08-04 14:04:46,-18.3,-19.9,5.0,4.0,23.0
2026-08-04 14:03:46,-18.4,-20.1,5.0,4.0,23.0
2026-08-04 14:02:46,-18.6,-20.3,5.0,4.0,22.0
2026-08-04 14:01:46,-18.8,-20.5,4.0,4.0,22.0
2026-08-04 14:00:46,-18.9,-20.6,4.0,4.0,21.0
2026-08-04 13:59:46,-19.2,-20.8,4.0,4.0,20.0
2026-08-04 13:58:46,-19.4,-21.0,4.0,4.0,17.0
2026-08-04 13:57:46,-19.5,-21.1,4.0,4.0,14.0
2026-08-04 13:56:46,-19.4,-21.0,4.0,4.0,13.0
2026-08-04 13:55:46,-19.4,-21.0,4.0,4.0,14.0
2026-08-04 13:54:46,-19.3,-20.9,4.0,4.0,14.0
2026-08-04 13:53:46,-19.3,-20.8,4.0,4.0,14.0
2026-08-04 13:52:46,-19.2,-20.8,3.0,4.0,14.0
2026-08-04 13:51:46,-19.1,-20.7,3.0,5.0,14.0
2026-08-04 13:50:46,-19.1,-20.7,3.0,4.0,14.0
2026-08-04 13:49:46,-19.0,-20.6,3.0,4.0,14.0
2026-08-04 13:48:46,-18.9,-20.5,3.0,4.0,14.0
2026-08-04 13:47:46,-18.8,-20.4,3.0,4.0,14.0
2026-08-04 13:46:46,-18.7,-20.3,3.0,4.0,15.0
2026-08-04 13:45:46,-18.7,-20.3,2.0,4.0,15.0
2026-08-04 13:44:46,-18.6,-20.2,2.0,4.0,16.0
2026-08-04 13:43:46,-18.6,-20.2,2.0,4.0,16.0
2026-08-04 13:42:46,-18.5,-20.1,2.0,4.0,16.0
2026-08-04 13:41:46,-18.6,-20.0,1.0,4.0,17.0
2026-08-04 13:40:46,-18.7,-20.0,0.0,4.0,18.0
2026-08-04 13:39:46,-18.9,-20.1,0.0,4.0,21.0
2026-08-04 13:38:46,-19.1,-20.2,0.0,4.0,22.0
2026-08-04 13:37:46,-19.3,-20.4,0.0,4.0,21.0
2026-08-04 13:36:46,-19.4,-20.6,1.0,4.0,19.0
2026-08-04 13:35:46,-19.4,-20.8,2.0,4.0,17.0
2026-08-04 13:34:46,-19.3,-20.8,4.0,4.0,14.0
2026-08-04 13:33:46,-19.2,-20.8,4.0,4.0,13.0
2026-08-04 13:32:46,-19.2,-20.7,4.0,4.0,13.0
2026-08-04 13:31:46,-19.1,-20.7,4.0,4.0,14.0
2026-08-04 13:30:46,-19.1,-20.6,4.0,5.0,14.0
2026-08-04 13:29:46,-19.0,-20.6,4.0,4.0,14.0
2026-08-04 13:28:46,-18.9,-20.5,4.0,4.0,14.0
2026-08-04 13:27:46,-18.8,-20.4,3.0,5.0,14.0
2026-08-04 13:26:46,-18.8,-20.4,3.0,5.0,14.0
2026-08-04 13:25:46,-18.7,-20.3,3.0,4.0,14.0
2026-08-04 13:24:46,-18.6,-20.2,3.0,4.0,15.0
2026-08-04 13:23:46,-18.5,-20.1,3.0,4.0,14.0
2026-08-04 13:22:46,-18.4,-20.0,3.0,4.0,15.0
2026-08-04 13:21:46,-18.4,-19.9,3.0,4.0,15.0
2026-08-04 13:20:46,-18.3,-19.9,2.0,4.0,15.0
2026-08-04 13:19:46,-18.2,-19.8,2.0,4.0,16.0
2026-08-04 13:18:46,-18.1,-19.7,2.0,4.0,16.0
2026-08-04 13:17:46,-18.1,-19.6,2.0,4.0,16.0
2026-08-04 13:16:46,-18.1,-19.5,1.0,4.0,17.0
2026-08-04 13:15:46,-18.2,-19.5,0.0,4.0,18.0
2026-08-04 13:14:46,-18.4,-19.6,0.0,4.0,21.0
2026-08-04 13:13:46,-18.6,-19.7,0.0,4.0,22.0
2026-08-04 13:12:46,-18.8,-19.9,0.0,4.0,21.0
2026-08-04 13:11:46,-18.9,-20.0,1.0,4.0,19.0
2026-08-04 13:10:46,-18.9,-20.2,2.0,4.0,17.0
2026-08-04 13:09:46,-18.8,-20.3,4.0,4.0,15.0
2026-08-04 13:08:46,-18.7,-20.3,4.0,4.0,13.0
2026-08-04 13:07:46,-18.6,-20.2,4.0,4.0,14.0
2026-08-04 13:06:46,-18.5,-20.1,4.0,4.0,14.0
2026-08-04 13:05:46,-18.5,-20.0,4.0,4.0,14.0
2026-08-04 13:04:46,-18.4,-20.0,4.0,4.0,14.0
2026-08-04 13:03:46,-18.3,-19.9,4.0,4.0,14.0
2026-08-04 13:02:46,-18.3,-19.8,3.0,4.0,14.0
2026-08-04 13:01:46,-18.2,-19.7,3.0,4.0,14.0
2026-08-04 13:00:46,-18.1,-19.7,3.0,4.0,14.0
2026-08-04 12:59:46,-18.0,-19.6,3.0,4.0,14.0
2026-08-04 12:58:46,-17.9,-19.5,3.0,4.0,14.0
2026-08-04 12:57:46,-17.8,-19.4,3.0,4.0,15.0
2026-08-04 12:56:46,-17.7,-19.3,3.0,4.0,15.0
2026-08-04 12:55:46,-17.6,-19.2,2.0,4.0,15.0
2026-08-04 12:54:46,-17.6,-19.1,2.0,4.0,15.0
2026-08-04 12:53:46,-17.5,-19.0,2.0,4.0,16.0
2026-08-04 12:52:46,-17.5,-18.9,2.0,4.0,16.0
2026-08-04 12:51:46,-17.6,-18.9,1.0,4.0,17.0
2026-08-04 12:50:46,-17.7,-18.8,0.0,4.0,18.0
2026-08-04 12:49:46,-17.9,-18.9,0.0,4.0,22.0
2026-08-04 12:48:46,-18.0,-19.0,0.0,4.0,21.0
2026-08-04 12:47:46,-18.1,-19.2,0.0,4.0,20.0
2026-08-04 12:46:46,-18.1,-19.3,2.0,5.0,18.0
2026-08-04 12:45:46,-17.9,-19.4,4.0,4.0,14.0
2026-08-04 12:44:46,-17.8,-19.3,4.0,4.0,14.0
2026-08-04 12:43:46,-17.7,-19.2,4.0,4.0,14.0
2026-08-04 12:42:46,-17.6,-19.1,4.0,4.0,14.0
2026-08-04 12:41:46,-17.5,-19.0,3.0,4.0,14.0
2026-08-04 12:40:46,-17.4,-18.9,3.0,4.0,14.0
2026-08-04 12:39:46,-17.3,-18.8,3.0,4.0,14.0
2026-08-04 12:38:46,-17.2,-18.7,3.0,4.0,14.0
2026-08-04 12:37:46,-17.1,-18.6,3.0,4.0,14.0
2026-08-04 12:36:46,-17.0,-18.5,3.0,4.0,14.0
2026-08-04 12:35:46,-16.9,-18.4,3.0,4.0,14.0
2026-08-04 12:34:46,-16.8,-18.3,3.0,4.0,14.0
2026-08-04 12:33:46,-16.7,-18.1,3.0,4.0,14.0
2026-08-04 12:32:46,-16.5,-18.0,2.0,4.0,15.0
2026-08-04 12:31:46,-16.4,-17.9,2.0,4.0,15.0
2026-08-04 12:30:46,-16.3,-17.7,2.0,4.0,15.0
2026-08-04 12:29:46,-16.2,-17.6,2.0,4.0,15.0
2026-08-04 12:28:46,-16.0,-17.4,2.0,4.0,15.0
2026-08-04 12:27:46,-15.9,-17.2,2.0,4.0,16.0
2026-08-04 12:26:46,-15.8,-17.1,1.0,4.0,16.0
2026-08-04 12:25:46,-15.6,-16.9,1.0,4.0,16.0
2026-08-04 12:24:46,-15.5,-16.7,1.0,4.0,16.0
2026-08-04 12:23:46,-15.3,-16.5,0.0,4.0,17.0
2026-08-04 12:22:46,-15.2,-16.3,0.0,3.0,17.0
2026-08-04 12:21:46,-15.0,-16.2,0.0,4.0,18.0
2026-08-04 12:20:46,-14.9,-16.0,0.0,3.0,20.0
2026-08-04 12:19:46,-14.9,-15.9,0.0,3.0,24.0
2026-08-04 12:18:46,-14.9,-15.9,0.0,3.0,23.0
2026-08-04 12:17:46,-14.9,-15.9,0.0,3.0,23.0
2026-08-04 12:16:46,-14.8,-15.9,0.0,3.0,23.0
2026-08-04 12:15:46,-14.8,-15.9,0.0,4.0,22.0
2026-08-04 12:14:46,-14.8,-15.9,0.0,4.0,22.0
2026-08-04 12:13:46,-14.8,-15.9,0.0,4.0,21.0
2026-08-04 12:12:46,-14.7,-15.8,0.0,4.0,21.0
2026-08-04 12:11:46,-14.7,-15.8,0.0,4.0,20.0
2026-08-04 12:10:46,-14.6,-15.8,0.0,4.0,20.0
2026-08-04 12:09:46,-14.6,-15.7,1.0,4.0,19.0
2026-08-04 12:08:46,-14.5,-15.7,2.0,4.0,19.0
2026-08-04 12:07:46,-14.4,-15.7,3.0,4.0,19.0
2026-08-04 12:06:46,-14.3,-15.7,3.0,5.0,19.0
2026-08-04 12:05:46,-14.3,-15.8,5.0,5.0,19.0
2026-08-04 12:04:46,-14.5,-16.1,6.0,4.0,19.0
2026-08-04 12:03:46,-14.7,-16.3,7.0,4.0,20.0
2026-08-04 12:02:46,-14.8,-16.4,7.0,4.0,20.0
2026-08-04 12:01:46,-15.0,-16.5,7.0,4.0,20.0
2026-08-04 12:00:46,-15.1,-16.6,7.0,4.0,20.0
2026-08-04 11:59:46,-15.2,-16.7,6.0,4.0,20.0
2026-08-04 11:58:46,-15.3,-16.8,6.0,4.0,20.0
2026-08-04 11:57:46,-15.4,-16.9,6.0,4.0,20.0
2026-08-04 11:56:46,-15.6,-17.0,6.0,5.0,21.0
2026-08-04 11:55:46,-15.7,-17.2,6.0,4.0,21.0
2026-08-04 11:54:46,-15.8,-17.3,6.0,4.0,21.0
2026-08-04 11:53:46,-16.0,-17.4,6.0,4.0,21.0
2026-08-04 11:52:46,-16.1,-17.5,6.0,4.0,21.0
2026-08-04 11:51:46,-16.2,-17.6,6.0,4.0,21.0
2026-08-04 11:50:46,-16.3,-17.7,6.0,4.0,21.0
2026-08-04 11:49:46,-16.4,-17.8,6.0,5.0,22.0
2026-08-04 11:48:46,-16.6,-17.9,6.0,4.0,22.0
2026-08-04 11:47:46,-16.7,-18.0,6.0,4.0,22.0
2026-08-04 11:46:46,-16.8,-18.1,5.0,4.0,22.0
2026-08-04 11:45:46,-17.0,-18.3,5.0,5.0,22.0
2026-08-04 11:44:46,-17.1,-18.4,5.0,4.0,22.0
2026-08-04 11:43:46,-17.2,-18.5,5.0,4.0,22.0
2026-08-04 11:42:46,-17.4,-18.6,5.0,4.0,23.0
2026-08-04 11:41:46,-17.5,-18.8,5.0,4.0,23.0
2026-08-04 11:40:46,-17.7,-18.9,5.0,4.0,23.0
2026-08-04 11:39:46,-17.8,-19.1,5.0,4.0,23.0
2026-08-04 11:38:46,-18.0,-19.2,5.0,4.0,23.0
2026-08-04 11:37:46,-18.2,-19.4,5.0,4.0,23.0
2026-08-04 11:36:46,-18.3,-19.5,5.0,4.0,23.0
2026-08-04 11:35:46,-18.5,-19.7,5.0,4.0,23.0
2026-08-04 11:34:46,-18.7,-19.9,4.0,4.0,23.0
2026-08-04 11:33:46,-18.8,-20.1,4.0,5.0,23.0
2026-08-04 11:32:46,-19.0,-20.2,4.0,4.0,23.0
2026-08-04 11:31:46,-19.2,-20.4,4.0,4.0,22.0
2026-08-04 11:30:46,-19.3,-20.6,4.0,4.0,22.0
2026-08-04 11:29:46,-19.5,-20.7,3.0,4.0,21.0
2026-08-04 11:28:46,-19.7,-20.9,3.0,4.0,20.0
2026-08-04 11:27:46,-19.8,-21.1,2.0,4.0,18.0
2026-08-04 11:26:46,-19.8,-21.2,3.0,4.0,16.0
2026-08-04 11:25:46,-19.7,-21.3,4.0,4.0,12.0
2026-08-04 11:24:46,-19.6,-21.2,4.0,4.0,13.0
2026-08-04 11:23:46,-19.5,-21.2,4.0,4.0,13.0
2026-08-04 11:22:46,-19.5,-21.1,4.0,4.0,13.0
2026-08-04 11:21:46,-19.5,-21.0,3.0,4.0,13.0
2026-08-04 11:20:46,-19.5,-21.0,3.0,4.0,13.0
2026-08-04 11:19:46,-19.3,-20.9,3.0,4.0,13.0
2026-08-04 11:18:46,-19.2,-20.9,3.0,4.0,13.0
2026-08-04 11:17:46,-19.2,-20.8,3.0,4.0,13.0
2026-08-04 11:16:46,-19.1,-20.7,3.0,4.0,13.0
2026-08-04 11:15:46,-19.1,-20.7,3.0,4.0,14.0
2026-08-04 11:14:46,-19.0,-20.6,3.0,4.0,13.0
2026-08-04 11:13:46,-18.9,-20.5,3.0,4.0,14.0
2026-08-04 11:12:46,-18.8,-20.4,2.0,4.0,14.0
2026-08-04 11:11:46,-18.8,-20.4,2.0,4.0,14.0
2026-08-04 11:10:46,-18.7,-20.3,2.0,4.0,15.0
2026-08-04 11:09:46,-18.7,-20.2,2.0,4.0,15.0
2026-08-04 11:08:46,-18.6,-20.2,1.0,4.0,15.0
2026-08-04 11:07:46,-18.6,-20.1,1.0,4.0,16.0
2026-08-04 11:06:46,-18.7,-20.1,0.0,3.0,17.0
2026-08-04 11:05:46,-18.9,-20.1,0.0,4.0,19.0
2026-08-04 11:04:46,-19.1,-20.2,0.0,4.0,21.0
2026-08-04 11:03:46,-19.3,-20.4,0.0,4.0,21.0
2026-08-04 11:02:46,-19.5,-20.6,0.0,4.0,19.0
2026-08-04 11:01:46,-19.5,-20.8,1.0,4.0,18.0
2026-08-04 11:00:46,-19.5,-20.9,3.0,4.0,15.0
2026-08-04 10:59:46,-19.3,-20.9,4.0,4.0,13.0
2026-08-04 10:58:46,-19.3,-20.8,4.0,4.0,13.0
2026-08-04 10:57:46,-19.2,-20.8,4.0,4.0,13.0
2026-08-04 10:56:46,-19.2,-20.7,3.0,4.0,13.0
2026-08-04 10:55:46,-19.1,-20.6,3.0,4.0,13.0
2026-08-04 10:54:46,-19.0,-20.6,3.0,4.0,13.0
2026-08-04 10:53:46,-18.9,-20.5,3.0,4.0,13.0
2026-08-04 10:52:46,-18.8,-20.5,3.0,4.0,13.0
2026-08-04 10:51:46,-18.8,-20.4,3.0,4.0,13.0
2026-08-04 10:50:46,-18.8,-20.3,3.0,4.0,14.0
2026-08-04 10:49:46,-18.6,-20.3,3.0,4.0,13.0
2026-08-04 10:48:46,-18.5,-20.1,3.0,4.0,14.0
2026-08-04 10:47:46,-18.5,-20.0,2.0,4.0,14.0
2026-08-04 10:46:46,-18.4,-20.0,2.0,4.0,14.0
2026-08-04 10:45:46,-18.4,-19.9,2.0,4.0,15.0
2026-08-04 10:44:46,-18.3,-19.8,2.0,4.0,15.0
2026-08-04 10:43:46,-18.2,-19.7,1.0,4.0,15.0
2026-08-04 10:42:46,-18.2,-19.7,1.0,4.0,16.0
2026-08-04 10:41:46,-18.3,-19.7,0.0,4.0,17.0
2026-08-04 10:40:46,-18.5,-19.7,0.0,4.0,20.0
2026-08-04 10:39:46,-18.7,-19.8,0.0,4.0,22.0
2026-08-04 10:38:46,-18.9,-20.0,0.0,4.0,21.0
2026-08-04 10:37:46,-19.0,-20.1,0.0,4.0,19.0
2026-08-04 10:36:46,-19.1,-20.3,1.0,4.0,18.0
2026-08-04 10:35:46,-19.1,-20.4,3.0,4.0,16.0
2026-08-04 10:34:46,-18.9,-20.5,4.0,4.0,13.0
2026-08-04 10:33:46,-18.8,-20.4,4.0,5.0,13.0
2026-08-04 10:32:46,-18.7,-20.3,3.0,5.0,13.0
2026-08-04 10:31:46,-18.7,-20.2,3.0,4.0,13.0
2026-08-04 10:30:46,-18.6,-20.1,3.0,4.0,13.0
2026-08-04 10:29:46,-18.5,-20.1,3.0,4.0,13.0
2026-08-04 10:28:46,-18.4,-20.0,3.0,4.0,13.0
2026-08-04 10:27:46,-18.4,-19.9,3.0,4.0,14.0
2026-08-04 10:26:46,-18.3,-19.8,3.0,4.0,14.0
2026-08-04 10:25:46,-18.2,-19.7,3.0,4.0,14.0
2026-08-04 10:24:46,-18.1,-19.7,2.0,4.0,14.0
2026-08-04 10:23:46,-18.0,-19.6,2.0,4.0,14.0
2026-08-04 10:22:46,-17.9,-19.4,2.0,4.0,15.0
2026-08-04 10:21:46,-17.8,-19.4,2.0,4.0,15.0
2026-08-04 10:20:46,-17.8,-19.3,2.0,4.0,16.0
2026-08-04 10:19:46,-17.8,-19.2,1.0,4.0,16.0
2026-08-04 10:18:46,-17.9,-19.2,0.0,4.0,17.0
2026-08-04 10:17:46,-18.1,-19.2,0.0,4.0,19.0
2026-08-04 10:16:46,-18.3,-19.3,0.0,4.0,22.0
2026-08-04 10:15:46,-18.4,-19.4,0.0,4.0,21.0
2026-08-04 10:14:46,-18.5,-19.6,0.0,4.0,20.0
2026-08-04 10:13:46,-18.7,-19.7,1.0,4.0,19.0
2026-08-04 10:12:46,-18.6,-19.9,2.0,4.0,17.0
2026-08-04 10:11:46,-18.4,-19.9,4.0,4.0,13.0
2026-08-04 10:10:46,-18.3,-19.8,4.0,4.0,13.0
2026-08-04 10:09:46,-18.2,-19.8,4.0,4.0,13.0
2026-08-04 10:08:46,-18.1,-19.7,3.0,4.0,13.0
2026-08-04 10:07:46,-18.1,-19.6,3.0,4.0,13.0
2026-08-04 10:06:46,-18.0,-19.5,3.0,4.0,14.0
2026-08-04 10:05:46,-17.9,-19.4,3.0,4.0,14.0
2026-08-04 10:04:46,-17.9,-19.4,3.0,4.0,14.0
2026-08-04 10:03:46,-17.7,-19.3,3.0,4.0,14.0
2026-08-04 10:02:46,-17.7,-19.1,3.0,4.0,14.0
2026-08-04 10:01:46,-17.6,-19.1,2.0,4.0,15.0
2026-08-04 10:00:46,-17.4,-18.9,2.0,4.0,15.0
2026-08-04 09:59:46,-17.4,-18.8,2.0,4.0,16.0
2026-08-04 09:58:46,-17.3,-18.7,2.0,4.0,16.0
2026-08-04 09:57:46,-17.2,-18.7,1.0,4.0,16.0
2026-08-04 09:56:46,-17.2,-18.6,1.0,4.0,17.0
2026-08-04 09:55:46,-17.2,-18.5,0.0,4.0,18.0
2026-08-04 09:54:46,-17.4,-18.5,0.0,4.0,20.0
2026-08-04 09:53:46,-17.6,-18.6,0.0,4.0,22.0
2026-08-04 09:52:46,-17.7,-18.8,0.0,4.0,21.0
2026-08-04 09:51:46,-17.9,-18.9,0.0,4.0,21.0
2026-08-04 09:50:46,-18.0,-19.1,0.0,4.0,20.0
2026-08-04 09:49:46,-17.9,-19.2,1.0,4.0,18.0
2026-08-04 09:48:46,-17.7,-19.2,3.0,4.0,14.0
2026-08-04 09:47:46,-17.6,-19.1,3.0,4.0,14.0
2026-08-04 09:46:46,-17.5,-19.0,3.0,4.0,14.0
2026-08-04 09:45:46,-17.4,-18.9,3.0,5.0,14.0
2026-08-04 09:44:46,-17.3,-18.8,3.0,4.0,14.0
2026-08-04 09:43:46,-17.2,-18.7,3.0,4.0,14.0
2026-08-04 09:42:46,-17.1,-18.6,2.0,5.0,15.0
2026-08-04 09:41:46,-17.0,-18.5,3.0,4.0,15.0
2026-08-04 09:40:46,-16.9,-18.4,2.0,4.0,15.0
2026-08-04 09:39:46,-16.7,-18.3,2.0,4.0,15.0
2026-08-04 09:38:46,-16.7,-18.1,2.0,4.0,16.0
2026-08-04 09:37:46,-16.6,-18.0,2.0,4.0,16.0
2026-08-04 09:36:46,-16.5,-17.9,2.0,4.0,16.0
2026-08-04 09:35:46,-16.4,-17.8,1.0,4.0,17.0
2026-08-04 09:34:46,-16.4,-17.7,1.0,4.0,17.0
2026-08-04 09:33:46,-16.3,-17.6,0.0,4.0,18.0
2026-08-04 09:32:46,-16.4,-17.6,0.0,3.0,20.0
2026-08-04 09:31:46,-16.6,-17.6,0.0,3.0,24.0
2026-08-04 09:30:46,-16.7,-17.8,0.0,3.0,23.0
2026-08-04 09:29:46,-16.9,-17.9,0.0,3.0,22.0
2026-08-04 09:28:46,-17.1,-18.1,0.0,4.0,21.0
2026-08-04 09:27:46,-17.1,-18.2,0.0,4.0,19.0
2026-08-04 09:26:46,-16.9,-18.3,3.0,4.0,16.0
2026-08-04 09:25:46,-16.8,-18.2,4.0,4.0,15.0
2026-08-04 09:24:46,-16.7,-18.1,4.0,5.0,15.0
2026-08-04 09:23:46,-16.6,-18.0,5.0,5.0,14.0
2026-08-04 09:22:46,-16.6,-18.0,3.0,4.0,12.0
2026-08-04 09:21:46,-16.6,-17.8,1.0,4.0,17.0
2026-08-04 09:20:46,-16.6,-17.8,0.0,4.0,18.0
2026-08-04 09:19:46,-16.8,-17.8,0.0,4.0,22.0
2026-08-04 09:18:46,-16.9,-17.9,0.0,4.0,21.0
2026-08-04 09:17:46,-17.0,-18.0,0.0,4.0,20.0
2026-08-04 09:16:46,-17.1,-18.1,0.0,5.0,20.0
2026-08-04 09:15:46,-17.0,-18.2,1.0,5.0,17.0
2026-08-04 09:14:46,-16.8,-18.3,3.0,5.0,14.0
2026-08-04 09:13:46,-16.7,-18.1,3.0,5.0,13.0
2026-08-04 09:12:46,-16.6,-18.0,3.0,5.0,13.0
2026-08-04 09:11:46,-16.4,-17.8,3.0,5.0,14.0
2026-08-04 09:10:46,-16.3,-17.7,3.0,5.0,14.0
2026-08-04 09:09:46,-16.2,-17.5,3.0,5.0,14.0
2026-08-04 09:08:46,-16.1,-17.4,3.0,5.0,14.0
2026-08-04 09:07:46,-15.9,-17.2,3.0,5.0,15.0
2026-08-04 09:06:46,-15.8,-17.1,3.0,5.0,14.0
2026-08-04 09:05:46,-15.6,-16.9,2.0,5.0,15.0
2026-08-04 09:04:46,-15.5,-16.7,2.0,5.0,15.0
2026-08-04 09:03:46,-15.3,-16.5,2.0,5.0,16.0
2026-08-04 09:02:46,-15.2,-16.3,2.0,5.0,17.0
2026-08-04 09:01:46,-15.0,-16.1,2.0,5.0,16.0
2026-08-04 09:00:46,-14.8,-15.9,1.0,5.0,17.0
2026-08-04 08:59:46,-14.6,-15.8,0.0,4.0,18.0
2026-08-04 08:58:46,-14.6,-15.6,0.0,4.0,19.0
2026-08-04 08:57:46,-14.5,-15.5,0.0,4.0,23.0
2026-08-04 08:56:46,-14.5,-15.5,0.0,4.0,24.0
2026-08-04 08:55:46,-14.5,-15.5,0.0,4.0,24.0
2026-08-04 08:54:46,-14.5,-15.4,0.0,4.0,23.0
2026-08-04 08:53:46,-14.4,-15.3,0.0,4.0,22.0
2026-08-04 08:52:46,-14.3,-15.2,0.0,5.0,22.0
2026-08-04 08:51:46,-14.1,-15.0,0.0,5.0,20.0
2026-08-04 08:50:46,-13.7,-14.8,1.0,6.0,19.0
2026-08-04 08:49:46,-15.3,-16.3,4.0,6.0,16.0
2026-08-04 08:48:46,-15.3,-16.4,2.0,5.0,17.0
2026-08-04 08:47:46,-15.3,-16.4,0.0,4.0,20.0
2026-08-04 08:46:46,-15.3,-16.3,0.0,4.0,19.0
2026-08-04 08:45:46,-15.2,-16.3,0.0,4.0,19.0
2026-08-04 08:44:46,-15.1,-16.3,0.0,4.0,19.0
2026-08-04 08:43:46,-15.0,-16.2,1.0,4.0,18.0
2026-08-04 08:42:46,-14.9,-16.2,2.0,5.0,18.0
2026-08-04 08:41:46,-14.9,-16.2,3.0,5.0,18.0
2026-08-04 08:40:46,-14.9,-16.3,4.0,5.0,18.0
2026-08-04 08:39:46,-15.0,-16.5,6.0,5.0,19.0
2026-08-04 08:38:46,-15.2,-16.8,7.0,4.0,19.0
2026-08-04 08:37:46,-15.4,-16.9,7.0,4.0,19.0
2026-08-04 08:36:46,-15.5,-17.0,7.0,4.0,19.0
2026-08-04 08:35:46,-15.6,-17.1,7.0,4.0,20.0
2026-08-04 08:34:46,-15.7,-17.2,6.0,4.0,20.0
2026-08-04 08:33:46,-15.8,-17.3,6.0,4.0,20.0
2026-08-04 08:32:46,-15.9,-17.4,6.0,4.0,20.0
2026-08-04 08:31:46,-16.1,-17.5,6.0,4.0,20.0
2026-08-04 08:30:46,-16.2,-17.6,6.0,4.0,20.0
2026-08-04 08:29:46,-16.3,-17.7,6.0,4.0,20.0
2026-08-04 08:28:46,-16.4,-17.8,6.0,4.0,20.0
2026-08-04 08:27:46,-16.5,-17.9,6.0,4.0,21.0
2026-08-04 08:26:46,-16.6,-18.0,6.0,4.0,21.0
2026-08-04 08:25:46,-16.8,-18.1,6.0,3.0,21.0
2026-08-04 08:24:46,-16.9,-18.3,6.0,3.0,21.0
2026-08-04 08:23:46,-17.0,-18.4,6.0,4.0,21.0
2026-08-04 08:22:46,-17.1,-18.5,5.0,3.0,21.0
2026-08-04 08:21:46,-17.3,-18.6,5.0,3.0,21.0
2026-08-04 08:20:46,-17.4,-18.7,5.0,3.0,21.0
2026-08-04 08:19:46,-17.5,-18.9,5.0,3.0,21.0
2026-08-04 08:18:46,-17.6,-19.0,5.0,3.0,21.0
2026-08-04 08:17:46,-17.7,-19.1,5.0,3.0,21.0
2026-08-04 08:16:46,-17.9,-19.3,5.0,3.0,22.0
2026-08-04 08:15:46,-18.0,-19.4,5.0,3.0,22.0
2026-08-04 08:14:46,-18.1,-19.6,5.0,3.0,22.0
2026-08-04 08:13:46,-18.2,-19.8,5.0,3.0,22.0
2026-08-04 08:12:46,-18.3,-19.9,4.0,3.0,22.0
2026-08-04 08:11:46,-18.4,-20.1,4.0,3.0,22.0
2026-08-04 08:10:46,-18.6,-20.2,4.0,3.0,22.0
2026-08-04 08:09:46,-18.7,-20.4,4.0,3.0,22.0
2026-08-04 08:08:46,-18.9,-20.6,4.0,3.0,21.0
2026-08-04 08:07:46,-19.0,-20.7,4.0,3.0,21.0
2026-08-04 08:06:46,-19.2,-20.9,4.0,3.0,21.0
2026-08-04 08:05:46,-19.4,-21.1,4.0,3.0,20.0
2026-08-04 08:04:46,-19.6,-21.3,3.0,3.0,19.0
2026-08-04 08:03:46,-19.8,-21.5,3.0,3.0,17.0
2026-08-04 08:02:46,-20.0,-21.6,3.0,3.0,14.0
2026-08-04 08:01:46,-20.1,-21.8,3.0,3.0,11.0
2026-08-04 08:00:46,-20.1,-21.7,3.0,3.0,11.0
2026-08-04 07:59:46,-20.0,-21.6,3.0,3.0,11.0
2026-08-04 07:58:46,-20.0,-21.6,3.0,3.0,11.0
2026-08-04 07:57:46,-20.0,-21.5,2.0,3.0,11.0
2026-08-04 07:56:46,-19.9,-21.5,3.0,3.0,11.0
2026-08-04 07:55:46,-19.8,-21.4,2.0,3.0,11.0
2026-08-04 07:54:46,-19.8,-21.4,2.0,3.0,11.0
2026-08-04 07:53:46,-19.7,-21.3,2.0,3.0,11.0
2026-08-04 07:52:46,-19.7,-21.2,2.0,3.0,11.0
2026-08-04 07:51:46,-19.6,-21.2,2.0,3.0,12.0
2026-08-04 07:50:46,-19.5,-21.1,2.0,3.0,11.0
2026-08-04 07:49:46,-19.4,-21.0,1.0,3.0,12.0
2026-08-04 07:48:48,-19.3,-20.9,1.0,3.0,12.0
2026-08-04 07:47:46,-19.3,-20.9,1.0,3.0,12.0
2026-08-04 07:46:46,-19.2,-20.8,1.0,3.0,13.0
2026-08-04 07:45:46,-19.2,-20.7,1.0,3.0,13.0
2026-08-04 07:44:46,-19.1,-20.7,0.0,3.0,13.0
2026-08-04 07:43:46,-19.1,-20.6,0.0,3.0,14.0
2026-08-04 07:42:46,-19.2,-20.6,0.0,2.0,16.0
2026-08-04 07:41:46,-19.5,-20.7,0.0,2.0,20.0
2026-08-04 07:40:46,-19.7,-20.9,0.0,3.0,19.0
2026-08-04 07:39:46,-19.8,-21.1,0.0,3.0,18.0
2026-08-04 07:38:46,-20.0,-21.3,0.0,3.0,18.0
2026-08-04 07:37:46,-20.2,-21.4,0.0,3.0,16.0
2026-08-04 07:36:46,-20.1,-21.6,2.0,3.0,13.0
2026-08-04 07:35:46,-20.0,-21.6,3.0,3.0,10.0
2026-08-04 07:34:46,-19.9,-21.6,3.0,3.0,10.0
2026-08-04 07:33:46,-19.9,-21.5,3.0,3.0,11.0
2026-08-04 07:32:46,-19.8,-21.5,3.0,3.0,11.0
2026-08-04 07:31:46,-19.8,-21.4,3.0,3.0,11.0
2026-08-04 07:30:46,-19.7,-21.3,2.0,3.0,11.0
2026-08-04 07:29:46,-19.7,-21.3,2.0,3.0,11.0
2026-08-04 07:28:46,-19.6,-21.3,2.0,3.0,11.0
2026-08-04 07:27:46,-19.6,-21.2,2.0,3.0,11.0
2026-08-04 07:26:46,-19.5,-21.1,2.0,3.0,11.0
2026-08-04 07:25:46,-19.5,-21.1,2.0,3.0,11.0
2026-08-04 07:24:46,-19.4,-21.0,1.0,3.0,12.0
2026-08-04 07:23:46,-19.3,-20.9,1.0,3.0,11.0
2026-08-04 07:22:46,-19.3,-20.8,1.0,3.0,12.0
2026-08-04 07:21:46,-19.1,-20.7,1.0,3.0,12.0
2026-08-04 07:20:46,-19.1,-20.7,1.0,3.0,12.0
2026-08-04 07:19:46,-19.0,-20.6,1.0,3.0,13.0
2026-08-04 07:18:46,-18.9,-20.5,1.0,3.0,13.0
2026-08-04 07:17:46,-18.9,-20.5,0.0,3.0,13.0
2026-08-04 07:16:46,-18.9,-20.4,0.0,3.0,14.0
2026-08-04 07:15:46,-19.0,-20.4,0.0,2.0,15.0
2026-08-04 07:14:46,-19.1,-20.4,0.0,2.0,18.0
2026-08-04 07:13:46,-19.3,-20.5,0.0,2.0,20.0
2026-08-04 07:12:46,-19.5,-20.7,0.0,2.0,19.0
2026-08-04 07:11:46,-19.7,-20.9,0.0,2.0,18.0
2026-08-04 07:10:46,-19.9,-21.1,0.0,2.0,17.0
2026-08-04 07:09:46,-20.0,-21.3,0.0,3.0,16.0
2026-08-04 07:08:46,-19.9,-21.5,2.0,3.0,12.0
2026-08-04 07:07:46,-19.8,-21.4,3.0,3.0,10.0
2026-08-04 07:06:46,-19.8,-21.4,3.0,3.0,11.0
2026-08-04 07:05:46,-19.7,-21.3,3.0,3.0,11.0
2026-08-04 07:04:46,-19.7,-21.3,3.0,3.0,11.0
2026-08-04 07:03:46,-19.6,-21.2,2.0,3.0,11.0
2026-08-04 07:02:46,-19.5,-21.1,2.0,3.0,11.0
2026-08-04 07:01:46,-19.5,-21.1,2.0,3.0,11.0
2026-08-04 07:00:46,-19.4,-21.0,2.0,3.0,11.0
2026-08-04 06:59:46,-19.3,-20.9,2.0,3.0,11.0
2026-08-04 06:58:46,-19.3,-20.9,2.0,3.0,11.0
2026-08-04 06:57:46,-19.3,-20.8,1.0,3.0,11.0
2026-08-04 06:56:46,-19.2,-20.7,2.0,3.0,12.0
2026-08-04 06:55:46,-19.1,-20.7,1.0,3.0,12.0
2026-08-04 06:54:46,-19.0,-20.6,1.0,3.0,12.0
2026-08-04 06:53:46,-18.9,-20.5,1.0,3.0,12.0
2026-08-04 06:52:46,-18.8,-20.4,1.0,3.0,13.0
2026-08-04 06:51:46,-18.7,-20.3,1.0,3.0,13.0
2026-08-04 06:50:46,-18.7,-20.2,0.0,3.0,13.0
2026-08-04 06:49:46,-18.6,-20.2,0.0,2.0,14.0
2026-08-04 06:48:46,-18.7,-20.1,0.0,2.0,15.0
2026-08-04 06:47:46,-18.7,-20.1,0.0,2.0,16.0
2026-08-04 06:46:46,-19.0,-20.2,0.0,2.0,21.0
2026-08-04 06:45:46,-19.1,-20.4,0.0,2.0,20.0
2026-08-04 06:44:46,-19.3,-20.5,0.0,2.0,19.0
2026-08-04 06:43:46,-19.5,-20.7,0.0,2.0,19.0
2026-08-04 06:42:46,-19.7,-20.9,0.0,2.0,17.0
2026-08-04 06:41:46,-19.8,-21.1,0.0,3.0,15.0
2026-08-04 06:40:46,-19.7,-21.2,3.0,3.0,11.0
2026-08-04 06:39:46,-19.6,-21.2,3.0,3.0,11.0
2026-08-04 06:38:46,-19.5,-21.1,3.0,3.0,11.0
2026-08-04 06:37:46,-19.5,-21.0,2.0,3.0,11.0
2026-08-04 06:36:46,-19.5,-21.0,2.0,3.0,11.0
2026-08-04 06:35:46,-19.4,-20.9,2.0,3.0,11.0
2026-08-04 06:34:46,-19.3,-20.9,2.0,3.0,11.0
2026-08-04 06:33:46,-19.2,-20.8,2.0,3.0,11.0
2026-08-04 06:32:46,-19.1,-20.7,2.0,3.0,11.0
2026-08-04 06:31:46,-19.1,-20.7,2.0,3.0,11.0
2026-08-04 06:30:46,-19.0,-20.6,1.0,3.0,12.0
2026-08-04 06:29:46,-19.0,-20.5,1.0,3.0,12.0
2026-08-04 06:28:46,-18.9,-20.5,1.0,3.0,12.0
2026-08-04 06:27:46,-18.8,-20.4,1.0,3.0,12.0
2026-08-04 06:26:46,-18.7,-20.3,1.0,3.0,12.0
2026-08-04 06:25:46,-18.7,-20.2,1.0,3.0,13.0
2026-08-04 06:24:46,-18.6,-20.1,1.0,3.0,13.0
2026-08-04 06:23:46,-18.5,-20.0,0.0,2.0,13.0
2026-08-04 06:22:46,-18.5,-19.9,0.0,2.0,14.0
2026-08-04 06:21:46,-18.5,-19.9,0.0,2.0,15.0
2026-08-04 06:20:46,-18.5,-19.9,0.0,2.0,16.0
2026-08-04 06:19:46,-18.7,-19.9,0.0,2.0,20.0
2026-08-04 06:18:46,-18.8,-20.1,0.0,2.0,20.0
2026-08-04 06:17:46,-19.1,-20.2,0.0,2.0,20.0
2026-08-04 06:16:46,-19.3,-20.4,0.0,2.0,19.0
2026-08-04 06:15:46,-19.5,-20.6,0.0,3.0,18.0
2026-08-04 06:14:46,-19.5,-20.8,0.0,3.0,16.0
2026-08-04 06:13:46,-19.4,-20.9,3.0,3.0,12.0
2026-08-04 06:12:46,-19.3,-20.9,3.0,3.0,11.0
2026-08-04 06:11:46,-19.3,-20.8,3.0,3.0,11.0
2026-08-04 06:10:46,-19.2,-20.8,2.0,3.0,11.0
2026-08-04 06:09:46,-19.2,-20.7,2.0,3.0,11.0
2026-08-04 06:08:46,-19.2,-20.6,2.0,3.0,12.0
2026-08-04 06:07:46,-19.0,-20.6,2.0,3.0,11.0
2026-08-04 06:06:46,-19.0,-20.5,2.0,3.0,11.0
2026-08-04 06:05:46,-18.9,-20.4,2.0,3.0,11.0
2026-08-04 06:04:46,-18.8,-20.4,1.0,3.0,12.0
2026-08-04 06:03:46,-18.7,-20.3,1.0,3.0,12.0
2026-08-04 06:02:46,-18.6,-20.2,1.0,3.0,12.0
2026-08-04 06:01:46,-18.6,-20.1,1.0,3.0,12.0
2026-08-04 06:00:46,-18.5,-20.0,1.0,2.0,12.0
2026-08-04 05:59:46,-18.4,-19.9,1.0,3.0,13.0
2026-08-04 05:58:46,-18.4,-19.9,0.0,3.0,13.0
2026-08-04 05:57:46,-18.2,-19.8,0.0,2.0,13.0
2026-08-04 05:56:46,-18.2,-19.7,0.0,2.0,14.0
2026-08-04 05:55:46,-18.1,-19.6,0.0,2.0,15.0
2026-08-04 05:54:46,-18.2,-19.6,0.0,2.0,16.0
2026-08-04 05:53:46,-18.4,-19.6,0.0,2.0,19.0
2026-08-04 05:52:46,-18.6,-19.8,0.0,2.0,21.0
2026-08-04 05:51:46,-18.8,-19.9,0.0,2.0,20.0
2026-08-04 05:50:46,-19.0,-20.1,0.0,2.0,19.0
2026-08-04 05:49:46,-19.1,-20.3,0.0,2.0,18.0
2026-08-04 05:48:46,-19.2,-20.5,0.0,3.0,16.0
2026-08-04 05:47:46,-19.2,-20.6,1.0,3.0,13.0
2026-08-04 05:46:46,-19.1,-20.6,3.0,3.0,11.0
2026-08-04 05:45:46,-19.0,-20.6,2.0,3.0,11.0
2026-08-04 05:44:46,-18.9,-20.5,2.0,3.0,11.0
2026-08-04 05:43:46,-18.9,-20.4,2.0,3.0,11.0
2026-08-04 05:42:46,-18.8,-20.3,2.0,3.0,11.0
2026-08-04 05:41:46,-18.7,-20.2,2.0,3.0,11.0
2026-08-04 05:40:46,-18.7,-20.2,1.0,3.0,12.0
2026-08-04 05:39:46,-18.6,-20.1,1.0,2.0,12.0
2026-08-04 05:38:46,-18.5,-20.0,1.0,3.0,12.0
2026-08-04 05:37:46,-18.5,-19.9,1.0,3.0,12.0
2026-08-04 05:36:46,-18.4,-19.8,1.0,3.0,12.0
2026-08-04 05:35:46,-18.3,-19.8,1.0,3.0,13.0
2026-08-04 05:34:46,-18.2,-19.7,1.0,2.0,13.0
2026-08-04 05:33:46,-18.1,-19.6,1.0,2.0,13.0
2026-08-04 05:32:46,-18.0,-19.5,0.0,2.0,13.0
2026-08-04 05:31:46,-17.9,-19.4,0.0,2.0,14.0
2026-08-04 05:30:46,-17.9,-19.4,0.0,2.0,15.0
2026-08-04 05:29:46,-18.0,-19.3,0.0,2.0,16.0
2026-08-04 05:28:46,-18.2,-19.3,0.0,2.0,20.0
2026-08-04 05:27:46,-18.4,-19.5,0.0,2.0,21.0
2026-08-04 05:26:46,-18.6,-19.6,0.0,2.0,20.0
2026-08-04 05:25:46,-18.7,-19.8,0.0,2.0,19.0
2026-08-04 05:24:46,-18.9,-20.0,0.0,2.0,18.0
2026-08-04 05:23:46,-19.0,-20.2,0.0,2.0,16.0
2026-08-04 05:22:46,-18.9,-20.3,1.0,3.0,13.0
2026-08-04 05:21:46,-18.8,-20.3,2.0,3.0,11.0
2026-08-04 05:20:46,-18.7,-20.2,2.0,3.0,11.0
2026-08-04 05:19:46,-18.7,-20.2,2.0,3.0,11.0
2026-08-04 05:18:46,-18.6,-20.1,2.0,3.0,12.0
2026-08-04 05:17:46,-18.5,-20.1,2.0,3.0,12.0
2026-08-04 05:16:46,-18.5,-20.0,2.0,2.0,11.0
2026-08-04 05:15:46,-18.4,-19.9,2.0,3.0,12.0
2026-08-04 05:14:46,-18.4,-19.8,1.0,2.0,12.0
2026-08-04 05:13:46,-18.3,-19.7,1.0,3.0,12.0
2026-08-04 05:12:46,-18.2,-19.7,1.0,2.0,12.0
2026-08-04 05:11:46,-18.1,-19.6,1.0,3.0,12.0
2026-08-04 05:10:46,-18.0,-19.5,1.0,2.0,13.0
2026-08-04 05:09:46,-17.9,-19.3,1.0,2.0,13.0
2026-08-04 05:08:46,-17.9,-19.3,0.0,2.0,13.0
2026-08-04 05:07:46,-17.8,-19.2,0.0,2.0,13.0
2026-08-04 05:06:46,-17.7,-19.1,0.0,2.0,14.0
2026-08-04 05:05:46,-17.6,-19.0,0.0,2.0,15.0
2026-08-04 05:04:46,-17.6,-18.9,0.0,2.0,16.0
2026-08-04 05:03:46,-17.7,-18.9,0.0,2.0,17.0
2026-08-04 05:02:46,-17.8,-18.9,0.0,2.0,22.0
2026-08-04 05:01:46,-18.0,-19.1,0.0,2.0,21.0
2026-08-04 05:00:46,-18.2,-19.3,0.0,2.0,20.0
2026-08-04 04:59:46,-18.4,-19.5,0.0,2.0,20.0
2026-08-04 04:58:46,-18.5,-19.6,0.0,2.0,18.0
2026-08-04 04:57:46,-18.6,-19.8,0.0,2.0,17.0
2026-08-04 04:56:46,-18.6,-19.9,1.0,3.0,15.0
2026-08-04 04:55:46,-18.5,-20.0,2.0,3.0,11.0
2026-08-04 04:54:46,-18.4,-19.9,2.0,3.0,11.0
2026-08-04 04:53:46,-18.3,-19.8,2.0,3.0,11.0
2026-08-04 04:52:46,-18.3,-19.7,2.0,3.0,12.0
2026-08-04 04:51:46,-18.2,-19.7,2.0,3.0,12.0
2026-08-04 04:50:46,-18.1,-19.6,2.0,3.0,12.0
2026-08-04 04:49:46,-18.0,-19.5,1.0,3.0,12.0
2026-08-04 04:48:46,-18.0,-19.4,1.0,2.0,13.0
2026-08-04 04:47:46,-17.8,-19.3,1.0,3.0,12.0
2026-08-04 04:46:46,-17.7,-19.2,1.0,3.0,13.0
2026-08-04 04:45:46,-17.7,-19.1,1.0,2.0,13.0
2026-08-04 04:44:46,-17.6,-19.0,1.0,2.0,13.0
2026-08-04 04:43:46,-17.5,-18.9,0.0,2.0,14.0
2026-08-04 04:42:46,-17.4,-18.8,0.0,2.0,14.0
2026-08-04 04:41:46,-17.3,-18.7,0.0,2.0,14.0
2026-08-04 04:40:46,-17.3,-18.7,0.0,2.0,15.0
2026-08-04 04:39:46,-17.3,-18.6,0.0,2.0,16.0
2026-08-04 04:38:46,-17.4,-18.6,0.0,2.0,18.0
2026-08-04 04:37:46,-17.6,-18.7,0.0,2.0,21.0
2026-08-04 04:36:46,-17.8,-18.8,0.0,2.0,21.0
2026-08-04 04:35:46,-18.0,-19.0,0.0,2.0,20.0
2026-08-04 04:34:46,-18.2,-19.1,0.0,2.0,19.0
2026-08-04 04:33:46,-18.3,-19.3,0.0,2.0,18.0
2026-08-04 04:32:46,-18.3,-19.5,0.0,3.0,16.0
2026-08-04 04:31:46,-18.2,-19.6,2.0,3.0,12.0
2026-08-04 04:30:46,-18.1,-19.5,2.0,3.0,12.0
2026-08-04 04:29:46,-18.0,-19.4,2.0,3.0,12.0
2026-08-04 04:28:46,-17.9,-19.3,2.0,3.0,12.0
2026-08-04 04:27:46,-17.8,-19.2,1.0,2.0,12.0
2026-08-04 04:26:46,-17.7,-19.1,1.0,3.0,12.0
2026-08-04 04:25:46,-17.6,-19.0,1.0,2.0,13.0
2026-08-04 04:24:46,-17.5,-19.0,1.0,3.0,13.0
2026-08-04 04:23:46,-17.5,-18.9,1.0,2.0,13.0
2026-08-04 04:22:46,-17.4,-18.8,1.0,3.0,13.0
2026-08-04 04:21:46,-17.3,-18.7,1.0,2.0,13.0
2026-08-04 04:20:46,-17.2,-18.6,0.0,2.0,14.0
2026-08-04 04:19:46,-17.1,-18.5,0.0,2.0,14.0
2026-08-04 04:18:46,-17.0,-18.4,0.0,2.0,14.0
2026-08-04 04:17:46,-16.9,-18.3,0.0,2.0,15.0
2026-08-04 04:16:46,-16.9,-18.2,0.0,2.0,16.0
2026-08-04 04:15:46,-17.0,-18.2,0.0,2.0,18.0
2026-08-04 04:14:46,-17.2,-18.2,0.0,2.0,22.0
2026-08-04 04:13:46,-17.3,-18.3,0.0,2.0,21.0
2026-08-04 04:12:46,-17.4,-18.5,0.0,2.0,21.0
2026-08-04 04:11:46,-17.6,-18.6,0.0,2.0,20.0
2026-08-04 04:10:46,-17.8,-18.8,0.0,2.0,19.0
2026-08-04 04:09:46,-17.9,-19.0,0.0,2.0,18.0
2026-08-04 04:08:46,-17.9,-19.1,0.0,3.0,16.0
2026-08-04 04:07:46,-17.7,-19.2,2.0,3.0,12.0
2026-08-04 04:06:46,-17.6,-19.1,2.0,2.0,12.0
2026-08-04 04:05:46,-17.5,-19.0,2.0,3.0,12.0
2026-08-04 04:04:46,-17.5,-18.9,2.0,3.0,12.0
2026-08-04 04:03:46,-17.4,-18.8,1.0,3.0,13.0
2026-08-04 04:02:46,-17.3,-18.7,1.0,3.0,13.0
2026-08-04 04:01:46,-17.3,-18.6,1.0,2.0,13.0
2026-08-04 04:00:46,-17.2,-18.5,1.0,3.0,13.0
2026-08-04 03:59:46,-17.1,-18.4,1.0,3.0,13.0
2026-08-04 03:58:46,-17.0,-18.3,1.0,2.0,13.0
2026-08-04 03:57:46,-16.9,-18.3,0.0,2.0,14.0
2026-08-04 03:56:46,-16.8,-18.1,0.0,2.0,14.0
2026-08-04 03:55:46,-16.6,-18.0,0.0,2.0,14.0
2026-08-04 03:54:46,-16.5,-17.9,0.0,2.0,15.0
2026-08-04 03:53:46,-16.5,-17.8,0.0,2.0,16.0
2026-08-04 03:52:46,-16.5,-17.7,0.0,2.0,17.0
2026-08-04 03:51:46,-16.6,-17.7,0.0,2.0,19.0
2026-08-04 03:50:46,-16.8,-17.8,0.0,2.0,22.0
2026-08-04 03:49:46,-16.9,-17.9,0.0,2.0,21.0
2026-08-04 03:48:46,-17.1,-18.0,0.0,2.0,20.0
2026-08-04 03:47:46,-17.2,-18.1,0.0,2.0,20.0
2026-08-04 03:46:46,-17.3,-18.3,0.0,2.0,20.0
2026-08-04 03:45:46,-17.5,-18.4,0.0,2.0,18.0
2026-08-04 03:44:46,-17.4,-18.6,0.0,3.0,16.0
2026-08-04 03:43:46,-17.3,-18.6,2.0,3.0,12.0
2026-08-04 03:42:46,-17.2,-18.5,2.0,3.0,12.0
2026-08-04 03:41:46,-17.1,-18.4,2.0,3.0,13.0
2026-08-04 03:40:46,-17.0,-18.3,1.0,3.0,13.0
2026-08-04 03:39:46,-16.9,-18.2,1.0,3.0,13.0
2026-08-04 03:38:46,-16.8,-18.2,1.0,2.0,13.0
2026-08-04 03:37:46,-16.7,-18.1,1.0,3.0,13.0
2026-08-04 03:36:46,-16.6,-18.0,1.0,2.0,13.0
2026-08-04 03:35:46,-16.5,-17.8,1.0,2.0,14.0
2026-08-04 03:34:46,-16.4,-17.7,0.0,2.0,14.0
2026-08-04 03:33:46,-16.3,-17.6,0.0,2.0,15.0
2026-08-04 03:32:46,-16.3,-17.5,0.0,2.0,15.0
2026-08-04 03:31:46,-16.1,-17.4,0.0,2.0,15.0
2026-08-04 03:30:46,-16.1,-17.3,0.0,2.0,16.0
2026-08-04 03:29:46,-16.1,-17.2,0.0,2.0,17.0
2026-08-04 03:28:46,-16.3,-17.2,0.0,2.0,21.0
2026-08-04 03:27:46,-16.4,-17.3,0.0,2.0,21.0
2026-08-04 03:26:46,-16.5,-17.4,0.0,2.0,22.0
2026-08-04 03:25:46,-16.7,-17.6,0.0,2.0,21.0
2026-08-04 03:24:46,-16.8,-17.7,0.0,2.0,20.0
2026-08-04 03:23:46,-16.9,-17.8,0.0,2.0,19.0
2026-08-04 03:22:46,-16.9,-18.0,0.0,2.0,17.0
2026-08-04 03:21:46,-16.8,-18.1,1.0,3.0,14.0
2026-08-04 03:20:46,-16.7,-18.0,2.0,3.0,13.0
2026-08-04 03:19:46,-16.6,-17.9,1.0,3.0,13.0
2026-08-04 03:18:46,-16.5,-17.8,1.0,3.0,13.0
2026-08-04 03:17:46,-16.4,-17.7,1.0,3.0,14.0
2026-08-04 03:16:46,-16.3,-17.6,1.0,3.0,13.0
2026-08-04 03:15:46,-16.2,-17.5,1.0,3.0,14.0
2026-08-04 03:14:46,-16.1,-17.4,1.0,3.0,14.0
2026-08-04 03:13:46,-16.0,-17.3,0.0,3.0,14.0
2026-08-04 03:12:46,-15.9,-17.2,0.0,3.0,15.0
2026-08-04 03:11:46,-15.8,-17.0,0.0,3.0,15.0
2026-08-04 03:10:46,-15.7,-16.9,0.0,2.0,16.0
2026-08-04 03:09:46,-15.6,-16.8,0.0,2.0,16.0
2026-08-04 03:08:46,-15.6,-16.7,0.0,2.0,17.0
2026-08-04 03:07:46,-15.8,-16.7,0.0,2.0,20.0
2026-08-04 03:06:46,-15.9,-16.8,0.0,2.0,23.0
2026-08-04 03:05:46,-16.0,-16.9,0.0,2.0,22.0
2026-08-04 03:04:46,-16.1,-17.0,0.0,2.0,21.0
2026-08-04 03:03:46,-16.2,-17.1,0.0,2.0,21.0
2026-08-04 03:02:46,-16.4,-17.2,0.0,2.0,20.0
2026-08-04 03:01:46,-16.4,-17.4,0.0,3.0,19.0
2026-08-04 03:00:46,-16.3,-17.5,0.0,3.0,16.0
2026-08-04 02:59:46,-16.2,-17.5,2.0,3.0,13.0
2026-08-04 02:58:46,-16.1,-17.4,1.0,3.0,13.0
2026-08-04 02:57:46,-16.0,-17.3,1.0,3.0,13.0
2026-08-04 02:56:46,-15.8,-17.1,1.0,3.0,14.0
2026-08-04 02:55:46,-15.7,-17.0,1.0,3.0,14.0
2026-08-04 02:54:46,-15.6,-16.9,1.0,3.0,14.0
2026-08-04 02:53:46,-15.5,-16.7,0.0,2.0,14.0
2026-08-04 02:52:46,-15.4,-16.6,0.0,3.0,15.0
2026-08-04 02:51:46,-15.3,-16.5,0.0,3.0,15.0
2026-08-04 02:50:46,-15.2,-16.4,0.0,2.0,16.0
2026-08-04 02:49:46,-15.1,-16.2,0.0,2.0,16.0
2026-08-04 02:48:46,-15.0,-16.2,0.0,2.0,17.0
2026-08-04 02:47:46,-15.1,-16.1,0.0,2.0,19.0
2026-08-04 02:46:46,-15.2,-16.1,0.0,2.0,23.0
2026-08-04 02:45:46,-15.3,-16.1,0.0,2.0,23.0
2026-08-04 02:44:46,-15.5,-16.3,0.0,2.0,23.0
2026-08-04 02:43:46,-15.6,-16.3,0.0,2.0,22.0
2026-08-04 02:42:46,-15.7,-16.5,0.0,2.0,21.0
2026-08-04 02:41:46,-15.7,-16.6,0.0,2.0,20.0
2026-08-04 02:40:46,-15.8,-16.7,0.0,3.0,19.0
2026-08-04 02:39:46,-15.7,-16.8,0.0,3.0,17.0
2026-08-04 02:38:46,-15.5,-16.8,1.0,3.0,14.0
2026-08-04 02:37:46,-15.4,-16.7,1.0,3.0,14.0
2026-08-04 02:36:46,-15.3,-16.5,1.0,3.0,14.0
2026-08-04 02:35:46,-15.2,-16.4,1.0,3.0,14.0
2026-08-04 02:34:46,-15.1,-16.3,1.0,3.0,15.0
2026-08-04 02:33:46,-15.0,-16.1,1.0,3.0,15.0
2026-08-04 02:32:46,-14.8,-16.0,0.0,3.0,16.0
2026-08-04 02:31:46,-14.7,-15.8,0.0,3.0,16.0
2026-08-04 02:30:46,-14.5,-15.7,0.0,3.0,16.0
2026-08-04 02:29:46,-14.4,-15.6,0.0,3.0,17.0
2026-08-04 02:28:46,-14.3,-15.4,0.0,2.0,18.0
2026-08-04 02:27:46,-14.3,-15.3,0.0,2.0,19.0
2026-08-04 02:26:46,-14.3,-15.2,0.0,2.0,21.0
2026-08-04 02:25:46,-14.4,-15.2,0.0,2.0,25.0
2026-08-04 02:24:46,-14.4,-15.3,0.0,2.0,24.0
2026-08-04 02:23:46,-14.5,-15.4,0.0,2.0,24.0
2026-08-04 02:22:46,-14.6,-15.4,0.0,2.0,23.0
2026-08-04 02:21:46,-14.7,-15.5,0.0,2.0,23.0
2026-08-04 02:20:46,-14.8,-15.6,0.0,3.0,23.0
2026-08-04 02:19:46,-14.9,-15.7,0.0,2.0,23.0
2026-08-04 02:18:46,-15.0,-15.8,0.0,3.0,22.0
2026-08-04 02:17:46,-15.1,-15.9,0.0,3.0,21.0
2026-08-04 02:16:46,-15.2,-16.0,0.0,3.0,21.0
2026-08-04 02:15:46,-15.3,-16.1,0.0,3.0,20.0
2026-08-04 02:14:46,-15.3,-16.2,0.0,3.0,18.0
2026-08-04 02:13:46,-15.2,-16.3,2.0,3.0,16.0
2026-08-04 02:12:46,-15.0,-16.3,2.0,3.0,13.0
2026-08-04 02:11:46,-14.9,-16.1,2.0,3.0,13.0
2026-08-04 02:10:46,-14.8,-16.0,2.0,3.0,14.0
2026-08-04 02:09:46,-14.6,-15.9,2.0,3.0,14.0
2026-08-04 02:08:46,-14.5,-15.7,2.0,3.0,14.0
2026-08-04 02:07:46,-14.3,-15.6,1.0,3.0,14.0
2026-08-04 02:06:46,-14.2,-15.4,1.0,3.0,14.0
2026-08-04 02:05:46,-14.0,-15.3,1.0,3.0,15.0
2026-08-04 02:04:46,-13.9,-15.2,1.0,3.0,15.0
2026-08-04 02:03:46,-13.8,-15.0,1.0,3.0,15.0
2026-08-04 02:02:46,-13.6,-14.8,1.0,3.0,16.0
2026-08-04 02:01:46,-13.4,-14.7,1.0,3.0,15.0
2026-08-04 02:00:46,-13.3,-14.6,0.0,3.0,16.0
2026-08-04 01:59:46,-13.3,-14.4,0.0,3.0,16.0
2026-08-04 01:58:46,-13.3,-14.4,0.0,2.0,16.0
2026-08-04 01:57:46,-13.3,-14.3,0.0,2.0,18.0
2026-08-04 01:56:46,-13.4,-14.4,0.0,2.0,20.0
2026-08-04 01:55:46,-13.5,-14.5,0.0,2.0,20.0
2026-08-04 01:54:46,-13.6,-14.6,0.0,2.0,19.0
2026-08-04 01:53:46,-13.7,-14.7,0.0,2.0,19.0
2026-08-04 01:52:46,-13.8,-14.8,0.0,3.0,18.0
2026-08-04 01:51:46,-13.9,-14.9,0.0,3.0,19.0
2026-08-04 01:50:46,-14.1,-15.1,0.0,3.0,18.0
2026-08-04 01:49:46,-14.2,-15.2,0.0,3.0,18.0
2026-08-04 01:48:46,-14.3,-15.4,0.0,3.0,17.0
2026-08-04 01:47:46,-14.5,-15.5,1.0,3.0,17.0
2026-08-04 01:46:46,-14.8,-15.7,1.0,3.0,16.0
2026-08-04 01:45:46,-15.0,-15.9,1.0,3.0,15.0
2026-08-04 01:44:46,-15.2,-16.0,2.0,3.0,13.0
2026-08-04 01:43:46,-15.2,-16.1,4.0,3.0,10.0
2026-08-04 01:42:46,-15.1,-16.1,4.0,3.0,9.0
2026-08-04 01:41:46,-15.0,-16.0,4.0,3.0,9.0
2026-08-04 01:40:46,-14.9,-15.9,4.0,4.0,9.0
2026-08-04 01:39:46,-14.8,-15.8,4.0,4.0,9.0
2026-08-04 01:38:46,-14.7,-15.7,3.0,4.0,10.0
2026-08-04 01:37:46,-14.6,-15.6,3.0,4.0,10.0
2026-08-04 01:36:46,-14.5,-15.5,3.0,4.0,10.0
2026-08-04 01:35:46,-14.4,-15.3,3.0,4.0,10.0
2026-08-04 01:34:46,-14.3,-15.2,3.0,4.0,10.0
2026-08-04 01:33:46,-14.2,-15.1,3.0,4.0,10.0
2026-08-04 01:32:46,-14.1,-15.0,3.0,4.0,10.0
2026-08-04 01:31:46,-14.0,-14.8,2.0,4.0,10.0
2026-08-04 01:30:46,-13.8,-14.7,2.0,4.0,11.0
2026-08-04 01:29:46,-13.7,-14.6,2.0,4.0,11.0
2026-08-04 01:28:46,-13.5,-14.4,2.0,4.0,11.0
2026-08-04 01:27:46,-13.4,-14.3,2.0,4.0,11.0
2026-08-04 01:26:46,-13.3,-14.1,2.0,4.0,12.0
2026-08-04 01:25:46,-13.1,-14.0,1.0,4.0,12.0
2026-08-04 01:24:46,-12.9,-13.8,1.0,4.0,12.0
2026-08-04 01:23:46,-12.8,-13.7,1.0,3.0,13.0
2026-08-04 01:22:46,-12.6,-13.5,1.0,3.0,13.0
2026-08-04 01:21:46,-12.4,-13.3,1.0,3.0,13.0
2026-08-04 01:20:46,-12.2,-13.1,0.0,3.0,14.0
2026-08-04 01:19:46,-12.1,-12.9,0.0,3.0,15.0
2026-08-04 01:18:46,-11.9,-12.8,0.0,3.0,17.0
2026-08-04 01:17:46,-11.8,-12.7,0.0,2.0,19.0
2026-08-04 01:16:46,-11.8,-12.7,0.0,2.0,22.0
2026-08-04 01:15:46,-11.9,-12.7,0.0,2.0,22.0
2026-08-04 01:14:46,-11.9,-12.8,0.0,2.0,22.0
2026-08-04 01:13:46,-12.0,-12.9,0.0,3.0,22.0
2026-08-04 01:12:46,-12.0,-12.9,0.0,3.0,22.0
2026-08-04 01:11:46,-12.1,-12.9,0.0,3.0,21.0
2026-08-04 01:10:46,-12.1,-13.0,0.0,3.0,21.0
2026-08-04 01:09:46,-12.2,-13.1,0.0,3.0,21.0
2026-08-04 01:08:46,-12.3,-13.2,0.0,3.0,21.0
2026-08-04 01:07:46,-12.4,-13.3,0.0,3.0,21.0
2026-08-04 01:06:46,-12.4,-13.4,1.0,3.0,21.0
2026-08-04 01:05:46,-12.5,-13.5,1.0,4.0,20.0
2026-08-04 01:04:46,-12.6,-13.6,1.0,4.0,20.0
2026-08-04 01:03:46,-12.7,-13.7,2.0,4.0,20.0
2026-08-04 01:02:46,-12.9,-13.8,2.0,4.0,19.0
2026-08-04 01:01:46,-13.1,-14.0,3.0,4.0,19.0
2026-08-04 01:00:46,-13.3,-14.2,3.0,4.0,18.0
2026-08-04 00:59:46,-13.5,-14.4,3.0,3.0,18.0
2026-08-04 00:58:46,-13.7,-14.5,4.0,3.0,17.0
2026-08-04 00:57:46,-13.9,-14.7,5.0,4.0,14.0
2026-08-04 00:56:46,-13.9,-14.8,6.0,4.0,10.0
2026-08-04 00:55:46,-13.8,-14.7,6.0,4.0,10.0
2026-08-04 00:54:46,-13.7,-14.6,6.0,4.0,10.0
2026-08-04 00:53:46,-13.6,-14.5,6.0,3.0,10.0
2026-08-04 00:52:46,-13.5,-14.4,6.0,4.0,10.0
2026-08-04 00:51:46,-13.4,-14.3,6.0,4.0,11.0
2026-08-04 00:50:46,-13.4,-14.2,6.0,4.0,11.0
2026-08-04 00:49:46,-13.3,-14.1,6.0,4.0,11.0
2026-08-04 00:48:46,-13.2,-14.0,5.0,4.0,11.0
2026-08-04 00:47:46,-13.1,-13.9,5.0,4.0,11.0
2026-08-04 00:46:46,-13.0,-13.8,5.0,4.0,11.0
2026-08-04 00:45:46,-12.9,-13.7,5.0,4.0,11.0
2026-08-04 00:44:46,-12.8,-13.6,5.0,3.0,11.0
2026-08-04 00:43:46,-12.7,-13.5,5.0,4.0,11.0
2026-08-04 00:42:46,-12.6,-13.4,5.0,4.0,11.0
2026-08-04 00:41:46,-12.5,-13.3,4.0,4.0,11.0
2026-08-04 00:40:46,-12.3,-13.1,4.0,4.0,11.0
2026-08-04 00:39:46,-12.2,-13.0,4.0,3.0,12.0
2026-08-04 00:38:46,-12.1,-12.9,4.0,3.0,12.0
2026-08-04 00:37:46,-12.0,-12.8,4.0,4.0,12.0
2026-08-04 00:36:46,-11.9,-12.6,4.0,4.0,12.0
2026-08-04 00:35:46,-11.8,-12.5,4.0,4.0,12.0
2026-08-04 00:34:46,-11.7,-12.4,4.0,4.0,12.0
2026-08-04 00:33:46,-11.5,-12.3,3.0,4.0,13.0
2026-08-04 00:32:46,-11.4,-12.1,3.0,4.0,13.0
2026-08-04 00:31:46,-11.2,-12.0,3.0,4.0,13.0
2026-08-04 00:30:46,-11.1,-11.8,3.0,4.0,13.0
2026-08-04 00:29:46,-11.0,-11.7,3.0,4.0,13.0
2026-08-04 00:28:46,-10.8,-11.5,3.0,4.0,13.0
2026-08-04 00:27:46,-10.7,-11.4,3.0,4.0,13.0
2026-08-04 00:26:46,-10.5,-11.2,2.0,4.0,14.0
2026-08-04 00:25:46,-10.4,-11.1,2.0,4.0,14.0
2026-08-04 00:24:46,-10.2,-10.9,2.0,4.0,14.0
2026-08-04 00:23:46,-10.0,-10.7,2.0,4.0,14.0
2026-08-04 00:22:46,-9.8,-10.6,2.0,4.0,15.0
2026-08-04 00:21:46,-9.7,-10.4,2.0,4.0,15.0
2026-08-04 00:20:46,-9.5,-10.2,1.0,4.0,16.0
2026-08-04 00:19:46,-9.3,-9.9,1.0,3.0,16.0
2026-08-04 00:18:46,-9.0,-9.7,1.0,4.0,16.0
2026-08-04 00:17:46,-8.8,-9.5,1.0,3.0,17.0
2026-08-04 00:16:46,-8.6,-9.3,1.0,3.0,17.0
2026-08-04 00:15:46,-8.4,-9.1,0.0,3.0,18.0
2026-08-04 00:14:46,-8.2,-8.8,0.0,3.0,19.0
2026-08-04 00:13:46,-8.0,-8.6,0.0,2.0,21.0
2026-08-04 00:12:46,-7.8,-8.5,0.0,2.0,26.0
2026-08-04 00:11:46,-7.8,-8.4,0.0,2.0,26.0
2026-08-04 00:10:46,-7.7,-8.4,0.0,2.0,26.0
2026-08-04 00:09:46,-7.7,-8.3,0.0,2.0,26.0
2026-08-04 00:08:46,-7.6,-8.2,0.0,2.0,26.0
2026-08-04 00:07:46,-7.5,-8.1,0.0,3.0,26.0
2026-08-04 00:06:46,-7.5,-8.1,0.0,3.0,26.0
2026-08-04 00:05:46,-7.4,-8.0,0.0,3.0,26.0
2026-08-04 00:04:46,-7.3,-7.9,0.0,3.0,27.0
2026-08-04 00:03:46,-7.2,-7.9,0.0,3.0,27.0
2026-08-04 00:02:46,-7.2,-7.8,0.0,3.0,27.0
2026-08-04 00:01:46,-7.1,-7.7,0.0,3.0,27.0
2026-08-04 00:00:46,-7.0,-7.7,0.0,3.0,27.0
2026-08-03 23:59:46,-6.9,-7.6,0.0,3.0,27.0
2026-08-03 23:58:46,-6.8,-7.5,0.0,3.0,27.0
2026-08-03 23:57:46,-6.8,-7.5,1.0,3.0,27.0
2026-08-03 23:56:46,-6.7,-7.4,1.0,3.0,27.0
2026-08-03 23:55:46,-6.6,-7.3,1.0,3.0,27.0
2026-08-03 23:54:46,-6.5,-7.2,1.0,4.0,27.0
2026-08-03 23:53:46,-6.4,-7.2,1.0,4.0,27.0
2026-08-03 23:52:46,-6.3,-7.1,1.0,4.0,27.0
2026-08-03 23:51:46,-6.2,-7.0,1.0,4.0,27.0
2026-08-03 23:50:46,-6.1,-6.9,2.0,4.0,27.0
2026-08-03 23:49:46,-6.0,-6.8,2.0,4.0,27.0
2026-08-03 23:48:46,-5.9,-6.7,2.0,4.0,27.0
2026-08-03 23:47:46,-5.7,-6.6,2.0,4.0,27.0
2026-08-03 23:46:46,-5.6,-6.5,3.0,4.0,27.0
2026-08-03 23:45:46,-5.5,-6.5,3.0,4.0,27.0
2026-08-03 23:44:46,-5.4,-6.4,3.0,4.0,27.0
2026-08-03 23:43:46,-5.3,-6.3,3.0,4.0,27.0
2026-08-03 23:42:46,-5.1,-6.2,3.0,4.0,27.0
2026-08-03 23:41:46,-5.0,-6.1,4.0,5.0,26.0
2026-08-03 23:40:46,-4.8,-6.0,4.0,5.0,26.0
2026-08-03 23:39:46,-4.7,-5.9,4.0,5.0,26.0
2026-08-03 23:38:46,-4.5,-5.8,5.0,5.0,27.0
2026-08-03 23:37:46,-4.3,-5.7,5.0,5.0,27.0
2026-08-03 23:36:46,-4.0,-5.6,5.0,5.0,27.0
2026-08-03 23:35:46,-3.6,-5.6,6.0,5.0,28.0
2026-08-03 23:34:46,-3.1,-5.7,6.0,5.0,29.0
2026-08-03 23:33:46,-2.5,-6.1,6.0,5.0,30.0
2026-08-03 23:32:46,-1.8,-7.3,7.0,5.0,31.0
2026-08-03 23:31:46,-1.7,-7.9,7.0,5.0,31.0
2026-08-03 23:30:46,-1.5,-7.7,7.0,4.0,30.0
2026-08-03 23:29:46,-1.4,-7.5,6.0,5.0,30.0
2026-08-03 23:28:46,-1.2,-7.3,6.0,5.0,30.0
2026-08-03 23:27:46,-1.1,-7.0,6.0,4.0,30.0
2026-08-03 23:26:46,-0.9,-6.8,6.0,4.0,29.0
2026-08-03 23:25:46,-0.8,-6.4,6.0,4.0,29.0
2026-08-03 23:24:46,-0.6,-6.2,6.0,4.0,29.0
2026-08-03 23:23:46,-0.5,-5.8,6.0,4.0,28.0
2026-08-03 23:22:46,-0.2,-5.6,6.0,4.0,28.0
2026-08-03 23:21:46,0.0,-5.3,6.0,4.0,27.0
2026-08-03 23:20:46,0.2,-5.0,6.0,4.0,27.0
2026-08-03 23:19:46,0.4,-4.7,6.0,4.0,26.0
2026-08-03 23:18:46,0.6,-4.5,5.0,4.0,26.0
2026-08-03 23:17:46,0.8,-4.4,5.0,4.0,25.0
2026-08-03 23:16:46,1.0,-4.2,5.0,4.0,25.0
2026-08-03 23:15:46,1.2,-4.1,5.0,4.0,24.0
2026-08-03 23:14:46,1.4,-4.1,5.0,4.0,24.0
2026-08-03 23:13:46,1.5,-4.1,5.0,4.0,25.0
2026-08-03 23:12:46,1.6,-4.2,5.0,4.0,25.0
2026-08-03 23:11:46,1.4,-4.4,5.0,4.0,25.0
2026-08-03 23:10:46,1.2,-4.6,5.0,3.0,26.0
2026-08-03 23:09:46,0.8,-4.9,5.0,3.0,26.0
2026-08-03 23:08:46,0.2,-5.4,4.0,3.0,26.0
2026-08-03 23:07:46,-0.7,-6.1,4.0,3.0,27.0
2026-08-03 23:06:46,-1.8,-6.9,4.0,3.0,27.0
2026-08-03 23:05:46,-3.0,-7.8,4.0,3.0,27.0
2026-08-03 23:04:46,-3.9,-8.5,4.0,3.0,27.0
2026-08-03 23:03:46,-4.8,-9.1,4.0,3.0,27.0
2026-08-03 23:02:46,-5.6,-9.7,4.0,3.0,27.0
2026-08-03 23:01:46,-6.3,-10.3,4.0,3.0,27.0
2026-08-03 23:00:46,-7.0,-10.8,4.0,3.0,28.0
2026-08-03 22:59:46,-7.8,-11.3,3.0,3.0,28.0
2026-08-03 22:58:46,-8.6,-11.7,3.0,3.0,28.0
2026-08-03 22:57:46,-9.3,-12.2,3.0,3.0,28.0
2026-08-03 22:56:46,-10.2,-12.7,3.0,3.0,29.0
2026-08-03 22:55:46,-11.0,-13.2,3.0,3.0,29.0
2026-08-03 22:54:46,-11.9,-13.7,3.0,3.0,29.0
2026-08-03 22:53:46,-12.7,-14.2,2.0,3.0,29.0
2026-08-03 22:52:46,-13.5,-14.7,2.0,3.0,29.0
2026-08-03 22:51:46,-14.2,-15.1,2.0,3.0,29.0
2026-08-03 22:50:46,-14.7,-15.5,2.0,3.0,28.0
2026-08-03 22:49:46,-15.0,-15.9,1.0,3.0,28.0
2026-08-03 22:48:46,-15.1,-16.1,1.0,3.0,27.0
2026-08-03 22:47:46,-15.4,-16.3,1.0,3.0,26.0
2026-08-03 22:46:46,-15.7,-16.4,0.0,2.0,23.0
2026-08-03 22:45:46,-15.8,-16.5,0.0,2.0,20.0
2026-08-03 22:44:46,-15.7,-16.5,1.0,2.0,18.0
2026-08-03 22:43:46,-15.6,-16.4,1.0,3.0,18.0
2026-08-03 22:42:46,-15.5,-16.2,0.0,2.0,18.0
2026-08-03 22:41:46,-15.4,-16.1,0.0,2.0,19.0
2026-08-03 22:40:46,-15.2,-16.0,0.0,2.0,19.0
2026-08-03 22:39:46,-15.1,-15.9,0.0,2.0,19.0
2026-08-03 22:38:46,-15.0,-15.8,0.0,2.0,19.0
2026-08-03 22:37:46,-14.9,-15.7,0.0,2.0,20.0
2026-08-03 22:36:46,-14.7,-15.5,0.0,2.0,20.0
2026-08-03 22:35:46,-14.6,-15.4,0.0,2.0,21.0
2026-08-03 22:34:46,-14.5,-15.3,0.0,2.0,21.0
2026-08-03 22:33:46,-14.4,-15.2,0.0,2.0,23.0
2026-08-03 22:32:46,-14.4,-15.1,0.0,2.0,24.0
2026-08-03 22:31:46,-14.4,-15.0,0.0,1.0,28.0
2026-08-03 22:30:46,-14.5,-14.9,0.0,1.0,31.0
2026-08-03 22:29:46,-14.5,-15.0,0.0,1.0,31.0
2026-08-03 22:28:46,-14.5,-15.0,0.0,1.0,31.0
2026-08-03 22:27:46,-14.5,-15.0,0.0,1.0,31.0
2026-08-03 22:26:46,-14.6,-15.1,0.0,1.0,31.0
2026-08-03 22:25:46,-14.6,-15.1,0.0,2.0,30.0
2026-08-03 22:24:46,-14.6,-15.1,0.0,2.0,31.0
2026-08-03 22:23:46,-14.7,-15.2,0.0,2.0,31.0
2026-08-03 22:22:46,-14.7,-15.3,0.0,2.0,30.0
2026-08-03 22:21:46,-14.8,-15.3,0.0,2.0,30.0
2026-08-03 22:20:46,-14.8,-15.4,0.0,2.0,29.0
2026-08-03 22:19:46,-14.9,-15.4,0.0,2.0,30.0
2026-08-03 22:18:46,-15.0,-15.5,0.0,2.0,30.0
2026-08-03 22:17:46,-15.1,-15.5,0.0,2.0,29.0
2026-08-03 22:16:46,-15.2,-15.7,0.0,2.0,28.0
2026-08-03 22:15:46,-15.3,-15.7,0.0,2.0,27.0
2026-08-03 22:14:46,-15.4,-15.8,0.0,2.0,27.0
2026-08-03 22:13:46,-15.5,-15.9,0.0,2.0,26.0
2026-08-03 22:12:46,-15.5,-16.0,0.0,2.0,24.0
2026-08-03 22:11:46,-15.5,-16.1,0.0,3.0,21.0
2026-08-03 22:10:46,-15.4,-16.1,2.0,3.0,19.0
2026-08-03 22:09:46,-15.2,-15.9,2.0,3.0,19.0
2026-08-03 22:08:46,-15.1,-15.8,1.0,2.0,18.0
2026-08-03 22:07:46,-15.0,-15.7,0.0,2.0,18.0
2026-08-03 22:06:46,-14.9,-15.6,0.0,2.0,19.0
2026-08-03 22:05:46,-14.7,-15.5,0.0,2.0,19.0
2026-08-03 22:04:46,-14.6,-15.3,0.0,3.0,19.0
2026-08-03 22:03:46,-14.5,-15.2,0.0,2.0,19.0
2026-08-03 22:02:46,-14.4,-15.0,0.0,3.0,20.0
2026-08-03 22:01:46,-14.4,-14.9,0.0,2.0,20.0
2026-08-03 22:00:46,-14.3,-14.8,0.0,3.0,21.0
2026-08-03 21:59:46,-14.1,-14.6,0.0,3.0,22.0
2026-08-03 21:58:46,-13.8,-14.3,0.0,3.0,23.0
2026-08-03 21:57:46,-13.3,-13.9,0.0,3.0,24.0
2026-08-03 21:56:46,-12.9,-13.4,0.0,2.0,27.0
2026-08-03 21:55:46,-12.1,-12.9,0.0,2.0,29.0
2026-08-03 21:54:46,-10.9,-12.6,0.0,2.0,30.0
2026-08-03 21:53:46,-14.4,-14.9,0.0,2.0,31.0
2026-08-03 21:52:46,-14.4,-15.0,0.0,2.0,31.0
2026-08-03 21:51:46,-14.5,-15.0,0.0,2.0,31.0
2026-08-03 21:50:46,-14.5,-15.0,0.0,2.0,31.0
2026-08-03 21:49:46,-14.6,-15.1,0.0,2.0,30.0
2026-08-03 21:48:46,-14.6,-15.1,0.0,2.0,30.0
2026-08-03 21:47:46,-14.6,-15.2,0.0,2.0,30.0
2026-08-03 21:46:46,-14.7,-15.3,0.0,2.0,30.0
2026-08-03 21:45:46,-14.8,-15.3,0.0,2.0,30.0
2026-08-03 21:44:46,-14.8,-15.4,0.0,3.0,29.0
2026-08-03 21:43:46,-14.9,-15.4,0.0,3.0,28.0
2026-08-03 21:42:46,-15.0,-15.5,0.0,3.0,28.0
2026-08-03 21:41:46,-15.1,-15.6,0.0,3.0,28.0
2026-08-03 21:40:46,-15.2,-15.6,0.0,3.0,27.0
2026-08-03 21:39:46,-15.3,-15.7,0.0,3.0,26.0
2026-08-03 21:38:46,-15.3,-15.8,0.0,3.0,24.0
2026-08-03 21:37:46,-15.4,-15.9,0.0,3.0,23.0
2026-08-03 21:36:46,-15.3,-15.9,0.0,3.0,21.0
2026-08-03 21:35:46,-15.2,-15.9,2.0,3.0,18.0
2026-08-03 21:34:46,-15.1,-15.8,2.0,3.0,18.0
2026-08-03 21:33:46,-15.0,-15.8,2.0,3.0,18.0
2026-08-03 21:32:46,-14.9,-15.6,1.0,3.0,18.0
2026-08-03 21:31:46,-14.8,-15.5,1.0,3.0,18.0
2026-08-03 21:30:46,-14.6,-15.4,1.0,3.0,18.0
2026-08-03 21:29:46,-14.5,-15.3,1.0,3.0,18.0
2026-08-03 21:28:46,-14.4,-15.1,1.0,3.0,19.0
2026-08-03 21:27:46,-14.2,-15.0,1.0,3.0,19.0
2026-08-03 21:26:46,-14.1,-14.8,0.0,3.0,19.0
2026-08-03 21:25:46,-13.9,-14.7,0.0,3.0,19.0
2026-08-03 21:24:46,-13.8,-14.6,0.0,3.0,20.0
2026-08-03 21:23:46,-13.6,-14.4,0.0,3.0,20.0
2026-08-03 21:22:46,-13.5,-14.3,0.0,3.0,21.0
2026-08-03 21:21:46,-13.3,-14.2,0.0,3.0,21.0
2026-08-03 21:20:46,-13.2,-14.1,0.0,3.0,22.0
2026-08-03 21:19:46,-13.0,-14.0,0.0,2.0,22.0
2026-08-03 21:18:46,-13.0,-13.9,0.0,2.0,24.0
2026-08-03 21:17:46,-13.2,-13.9,0.0,2.0,30.0
2026-08-03 21:16:46,-13.4,-13.8,0.0,3.0,30.0
2026-08-03 21:15:46,-13.4,-13.9,0.0,3.0,31.0
2026-08-03 21:14:46,-13.5,-14.0,0.0,3.0,30.0
2026-08-03 21:13:46,-13.6,-14.0,0.0,3.0,28.0
2026-08-03 21:12:46,-13.5,-14.0,0.0,3.0,24.0
2026-08-03 21:11:46,-13.6,-14.1,0.0,2.0,29.0
2026-08-03 21:10:46,-13.7,-14.1,0.0,2.0,31.0
2026-08-03 21:09:46,-13.8,-14.1,0.0,2.0,31.0
2026-08-03 21:08:46,-13.8,-14.2,0.0,2.0,31.0
2026-08-03 21:07:46,-13.9,-14.2,0.0,2.0,30.0
2026-08-03 21:06:46,-13.9,-14.2,0.0,2.0,30.0
2026-08-03 21:05:46,-13.9,-14.2,0.0,2.0,30.0
2026-08-03 21:04:46,-13.9,-14.2,0.0,2.0,30.0
2026-08-03 21:03:46,-13.7,-14.1,0.0,2.0,30.0
2026-08-03 21:02:46,-13.4,-13.9,0.0,3.0,29.0
2026-08-03 21:01:46,-13.0,-13.6,0.0,2.0,29.0
2026-08-03 21:00:46,-12.3,-13.3,0.0,2.0,29.0
2026-08-03 20:59:46,-11.1,-13.2,0.0,3.0,28.0
2026-08-03 20:58:46,-14.5,-15.1,0.0,3.0,29.0
2026-08-03 20:57:46,-14.6,-15.1,0.0,3.0,28.0
2026-08-03 20:56:46,-14.6,-15.2,0.0,3.0,27.0
2026-08-03 20:55:46,-14.7,-15.3,0.0,3.0,27.0
2026-08-03 20:54:46,-14.8,-15.3,0.0,3.0,27.0
2026-08-03 20:53:46,-14.9,-15.4,0.0,3.0,26.0
2026-08-03 20:52:46,-15.0,-15.5,0.0,3.0,25.0
2026-08-03 20:51:46,-15.1,-15.6,0.0,3.0,24.0
2026-08-03 20:50:46,-15.1,-15.6,0.0,4.0,23.0
2026-08-03 20:49:46,-15.2,-15.7,0.0,4.0,22.0
2026-08-03 20:48:46,-15.1,-15.8,1.0,4.0,20.0
2026-08-03 20:47:46,-14.9,-15.8,3.0,4.0,16.0
2026-08-03 20:46:46,-14.8,-15.6,3.0,4.0,16.0
2026-08-03 20:45:46,-14.7,-15.5,3.0,4.0,16.0
2026-08-03 20:44:46,-14.6,-15.4,2.0,4.0,17.0
2026-08-03 20:43:46,-14.4,-15.3,2.0,4.0,17.0
2026-08-03 20:42:46,-14.3,-15.2,2.0,4.0,17.0
2026-08-03 20:41:46,-14.2,-15.0,2.0,4.0,17.0
2026-08-03 20:40:46,-14.1,-14.9,2.0,4.0,17.0
2026-08-03 20:39:46,-13.8,-14.8,1.0,4.0,17.0
2026-08-03 20:38:46,-13.7,-14.7,1.0,4.0,17.0
2026-08-03 20:37:46,-13.5,-14.5,1.0,4.0,18.0
2026-08-03 20:36:46,-13.4,-14.4,1.0,4.0,18.0
2026-08-03 20:35:46,-13.2,-14.3,1.0,4.0,18.0
2026-08-03 20:34:46,-13.0,-14.2,0.0,3.0,18.0
2026-08-03 20:33:46,-12.8,-14.1,0.0,3.0,18.0
2026-08-03 20:32:46,-12.6,-14.1,0.0,3.0,19.0
2026-08-03 20:31:46,-12.5,-14.1,0.0,3.0,21.0
2026-08-03 20:30:46,-12.6,-14.1,0.0,3.0,23.0
2026-08-03 20:29:46,-12.7,-14.2,0.0,3.0,23.0
2026-08-03 20:28:46,-12.8,-14.2,0.0,3.0,23.0
2026-08-03 20:27:46,-12.8,-14.3,0.0,3.0,22.0
2026-08-03 20:26:46,-12.9,-14.4,0.0,3.0,22.0
2026-08-03 20:25:46,-13.0,-14.4,0.0,3.0,22.0
2026-08-03 20:24:46,-13.1,-14.5,0.0,3.0,22.0
2026-08-03 20:23:46,-13.2,-14.6,0.0,4.0,21.0
2026-08-03 20:22:46,-13.3,-14.7,0.0,4.0,21.0
2026-08-03 20:21:46,-13.4,-14.8,0.0,4.0,21.0
2026-08-03 20:20:46,-13.6,-15.0,0.0,4.0,20.0
2026-08-03 20:19:46,-13.8,-15.1,0.0,4.0,20.0
2026-08-03 20:18:46,-13.9,-15.2,1.0,4.0,19.0
2026-08-03 20:17:46,-14.0,-15.3,1.0,4.0,18.0
2026-08-03 20:16:46,-14.2,-15.5,1.0,4.0,17.0
2026-08-03 20:15:46,-14.2,-15.6,2.0,4.0,16.0
2026-08-03 20:14:46,-14.0,-15.8,4.0,4.0,12.0
2026-08-03 20:13:46,-13.9,-15.7,4.0,4.0,10.0
2026-08-03 20:12:46,-13.8,-15.6,4.0,4.0,11.0
2026-08-03 20:11:46,-13.7,-15.5,4.0,4.0,11.0
2026-08-03 20:10:46,-13.6,-15.4,4.0,4.0,11.0
2026-08-03 20:09:46,-13.5,-15.2,4.0,4.0,11.0
2026-08-03 20:08:46,-13.4,-15.1,4.0,4.0,11.0
2026-08-03 20:07:46,-13.3,-15.0,4.0,4.0,11.0
2026-08-03 20:06:46,-13.2,-14.9,3.0,4.0,11.0
2026-08-03 20:05:46,-13.1,-14.8,3.0,4.0,11.0
2026-08-03 20:04:46,-13.1,-14.7,3.0,4.0,12.0
2026-08-03 20:03:46,-13.0,-14.5,3.0,4.0,12.0
2026-08-03 20:02:46,-12.8,-14.3,3.0,4.0,12.0
2026-08-03 20:01:46,-12.5,-13.9,3.0,4.0,12.0
2026-08-03 20:00:46,-12.0,-13.4,3.0,4.0,13.0
2026-08-03 19:59:46,-11.2,-12.6,3.0,4.0,14.0
2026-08-03 19:58:46,-9.9,-11.8,2.0,4.0,16.0
2026-08-03 19:57:46,-12.7,-14.5,2.0,4.0,11.0
2026-08-03 19:56:46,-12.6,-14.4,2.0,4.0,12.0
2026-08-03 19:55:46,-12.4,-14.2,2.0,4.0,12.0
2026-08-03 19:54:46,-12.3,-14.1,2.0,4.0,13.0
2026-08-03 19:53:46,-12.1,-13.9,1.0,4.0,13.0
2026-08-03 19:52:46,-12.0,-13.8,1.0,4.0,13.0
2026-08-03 19:51:46,-11.9,-13.6,1.0,4.0,14.0
2026-08-03 19:50:46,-11.8,-13.4,1.0,4.0,15.0
2026-08-03 19:49:46,-11.6,-13.3,0.0,4.0,16.0
2026-08-03 19:48:46,-11.5,-13.1,0.0,3.0,17.0
2026-08-03 19:47:46,-11.5,-13.0,0.0,3.0,20.0
2026-08-03 19:46:46,-11.5,-12.9,0.0,3.0,23.0
2026-08-03 19:45:46,-11.5,-13.0,0.0,3.0,23.0
2026-08-03 19:44:46,-11.6,-13.0,0.0,3.0,23.0
2026-08-03 19:43:46,-11.6,-13.1,0.0,3.0,23.0
2026-08-03 19:42:46,-11.7,-13.1,0.0,3.0,23.0
2026-08-03 19:41:46,-11.7,-13.1,0.0,3.0,23.0
2026-08-03 19:40:46,-11.8,-13.2,0.0,4.0,23.0
2026-08-03 19:39:46,-11.8,-13.2,0.0,4.0,23.0
2026-08-03 19:38:46,-11.9,-13.3,0.0,4.0,22.0
2026-08-03 19:37:46,-12.0,-13.4,0.0,4.0,22.0
2026-08-03 19:36:46,-12.0,-13.4,0.0,4.0,22.0
2026-08-03 19:35:46,-12.1,-13.5,0.0,4.0,22.0
2026-08-03 19:34:46,-12.2,-13.6,0.0,4.0,21.0
2026-08-03 19:33:46,-12.3,-13.7,0.0,4.0,21.0
2026-08-03 19:32:46,-12.4,-13.8,1.0,4.0,21.0
2026-08-03 19:31:46,-12.5,-13.9,1.0,4.0,20.0
2026-08-03 19:30:46,-12.7,-14.0,1.0,4.0,20.0
2026-08-03 19:29:46,-12.8,-14.2,2.0,4.0,19.0
2026-08-03 19:28:46,-13.0,-14.3,2.0,4.0,19.0
2026-08-03 19:27:46,-13.2,-14.5,3.0,4.0,18.0
2026-08-03 19:26:46,-13.2,-14.6,3.0,4.0,16.0
2026-08-03 19:25:46,-13.1,-14.7,4.0,4.0,14.0
2026-08-03 19:24:46,-12.9,-14.8,6.0,4.0,10.0
2026-08-03 19:23:46,-12.8,-14.7,6.0,4.0,10.0
2026-08-03 19:22:46,-12.7,-14.5,6.0,4.0,10.0
2026-08-03 19:21:46,-12.6,-14.4,6.0,4.0,10.0
2026-08-03 19:20:46,-12.5,-14.3,5.0,4.0,11.0
2026-08-03 19:19:46,-12.5,-14.2,5.0,4.0,11.0
2026-08-03 19:18:46,-12.3,-14.1,5.0,4.0,11.0
2026-08-03 19:17:46,-12.2,-14.0,5.0,4.0,11.0
2026-08-03 19:16:46,-12.0,-13.9,5.0,4.0,11.0
2026-08-03 19:15:46,-11.9,-13.8,5.0,4.0,11.0
2026-08-03 19:14:46,-11.8,-13.6,5.0,4.0,11.0
2026-08-03 19:13:46,-11.7,-13.5,5.0,4.0,11.0
2026-08-03 19:12:46,-11.5,-13.4,5.0,4.0,11.0
2026-08-03 19:11:46,-11.4,-13.3,4.0,4.0,11.0
2026-08-03 19:10:46,-11.3,-13.2,4.0,4.0,12.0
2026-08-03 19:09:46,-11.2,-13.0,4.0,4.0,12.0
2026-08-03 19:08:46,-11.1,-12.9,4.0,4.0,12.0
2026-08-03 19:07:46,-10.9,-12.8,4.0,4.0,12.0
2026-08-03 19:06:46,-10.9,-12.7,4.0,4.0,12.0
2026-08-03 19:05:46,-10.7,-12.6,4.0,4.0,13.0
2026-08-03 19:04:46,-10.6,-12.4,3.0,4.0,13.0
2026-08-03 19:03:46,-10.4,-12.3,3.0,4.0,13.0
2026-08-03 19:02:46,-10.3,-12.2,3.0,4.0,13.0
2026-08-03 19:01:46,-10.2,-12.0,3.0,4.0,13.0
2026-08-03 19:00:46,-10.0,-11.9,3.0,4.0,13.0
2026-08-03 18:59:46,-9.8,-11.7,3.0,4.0,14.0
2026-08-03 18:58:46,-9.6,-11.6,2.0,4.0,14.0
2026-08-03 18:57:46,-9.5,-11.4,2.0,4.0,14.0
2026-08-03 18:56:46,-9.4,-11.2,2.0,4.0,15.0
2026-08-03 18:55:46,-9.2,-11.1,2.0,4.0,15.0
2026-08-03 18:54:46,-9.1,-10.9,2.0,4.0,16.0
2026-08-03 18:53:46,-9.0,-10.7,1.0,4.0,16.0
2026-08-03 18:52:46,-8.8,-10.5,1.0,4.0,17.0
2026-08-03 18:51:46,-8.8,-10.3,1.0,4.0,17.0
2026-08-03 18:50:46,-8.6,-9.9,0.0,4.0,18.0
2026-08-03 18:49:46,-8.1,-9.4,0.0,3.0,20.0
2026-08-03 18:48:46,-7.3,-8.6,0.0,3.0,24.0
2026-08-03 18:47:46,-6.1,-8.1,0.0,3.0,26.0
2026-08-03 18:46:46,-9.8,-11.0,0.0,3.0,24.0
2026-08-03 18:45:46,-9.9,-11.0,0.0,3.0,24.0
2026-08-03 18:44:46,-10.0,-11.1,0.0,3.0,24.0
2026-08-03 18:43:46,-10.0,-11.1,0.0,3.0,24.0
2026-08-03 18:42:46,-10.0,-11.1,0.0,3.0,24.0
2026-08-03 18:41:46,-10.0,-11.2,0.0,3.0,24.0
2026-08-03 18:40:46,-10.1,-11.2,0.0,3.0,24.0
2026-08-03 18:39:46,-10.0,-11.2,0.0,4.0,24.0
2026-08-03 18:38:46,-10.1,-11.2,0.0,4.0,24.0
2026-08-03 18:37:46,-10.1,-11.2,0.0,4.0,24.0
2026-08-03 18:36:46,-10.2,-11.3,0.0,4.0,24.0
2026-08-03 18:35:46,-10.2,-11.3,0.0,4.0,23.0
2026-08-03 18:34:46,-10.2,-11.3,0.0,4.0,23.0
2026-08-03 18:33:46,-10.2,-11.4,0.0,4.0,23.0
2026-08-03 18:32:46,-10.3,-11.4,0.0,4.0,23.0
2026-08-03 18:31:46,-10.3,-11.4,0.0,4.0,23.0
2026-08-03 18:30:46,-10.3,-11.5,1.0,4.0,23.0
2026-08-03 18:29:46,-10.3,-11.6,1.0,4.0,23.0
2026-08-03 18:28:46,-10.3,-11.6,1.0,4.0,22.0
2026-08-03 18:27:46,-10.4,-11.7,1.0,5.0,22.0
2026-08-03 18:26:46,-10.5,-11.7,1.0,5.0,22.0
2026-08-03 18:25:46,-10.5,-11.8,2.0,5.0,22.0
2026-08-03 18:24:46,-10.6,-11.9,2.0,5.0,21.0
2026-08-03 18:23:46,-10.7,-12.0,2.0,5.0,21.0
2026-08-03 18:22:46,-10.8,-12.1,3.0,5.0,20.0
2026-08-03 18:21:46,-10.9,-12.2,3.0,5.0,20.0
2026-08-03 18:20:46,-11.0,-12.4,4.0,5.0,19.0
2026-08-03 18:19:46,-11.1,-12.5,4.0,5.0,18.0
2026-08-03 18:18:46,-11.1,-12.6,4.0,5.0,17.0
2026-08-03 18:17:46,-10.9,-12.7,6.0,5.0,13.0
2026-08-03 18:16:46,-10.8,-12.6,6.0,5.0,12.0
2026-08-03 18:15:46,-10.7,-12.5,6.0,5.0,12.0
2026-08-03 18:14:46,-10.6,-12.5,6.0,5.0,12.0
2026-08-03 18:13:46,-10.6,-12.4,6.0,5.0,12.0
2026-08-03 18:12:46,-10.5,-12.3,6.0,5.0,12.0
2026-08-03 18:11:46,-10.4,-12.2,5.0,5.0,12.0
2026-08-03 18:10:46,-10.4,-12.1,5.0,5.0,12.0
2026-08-03 18:09:46,-10.1,-12.0,5.0,5.0,12.0
2026-08-03 18:08:46,-10.0,-11.9,5.0,5.0,13.0
2026-08-03 18:07:46,-9.9,-11.8,5.0,5.0,13.0
2026-08-03 18:06:46,-9.8,-11.7,5.0,5.0,13.0
2026-08-03 18:05:46,-9.8,-11.6,5.0,5.0,13.0
2026-08-03 18:04:46,-9.7,-11.5,4.0,5.0,13.0
2026-08-03 18:03:46,-9.6,-11.4,4.0,5.0,13.0
2026-08-03 18:02:46,-9.5,-11.2,4.0,5.0,13.0
2026-08-03 18:01:46,-9.4,-11.1,4.0,5.0,14.0
2026-08-03 18:00:46,-9.3,-11.0,4.0,5.0,14.0
2026-08-03 17:59:46,-9.1,-10.9,4.0,5.0,14.0
2026-08-03 17:58:46,-9.0,-10.8,3.0,5.0,14.0
2026-08-03 17:57:46,-8.9,-10.7,3.0,5.0,14.0
2026-08-03 17:56:46,-8.8,-10.6,3.0,5.0,14.0
2026-08-03 17:55:46,-8.7,-10.5,3.0,5.0,15.0
2026-08-03 17:54:46,-8.7,-10.4,3.0,5.0,15.0
2026-08-03 17:53:46,-8.7,-10.3,3.0,5.0,15.0
2026-08-03 17:52:46,-8.7,-10.2,2.0,5.0,15.0
2026-08-03 17:51:46,-8.6,-10.2,2.0,5.0,16.0
2026-08-03 17:50:46,-8.7,-10.1,2.0,5.0,16.0
2026-08-03 17:49:46,-8.7,-10.0,2.0,5.0,16.0
2026-08-03 17:48:46,-8.6,-9.8,1.0,4.0,17.0
2026-08-03 17:47:46,-8.5,-9.6,1.0,4.0,17.0
2026-08-03 17:46:46,-8.4,-9.3,1.0,4.0,18.0
2026-08-03 17:45:46,-8.2,-9.1,0.0,4.0,20.0
2026-08-03 17:44:46,-8.0,-8.9,0.0,4.0,23.0
2026-08-03 17:43:46,-7.9,-8.7,0.0,3.0,27.0
2026-08-03 17:42:46,-7.8,-8.6,0.0,3.0,27.0
2026-08-03 17:41:46,-7.8,-8.6,0.0,4.0,27.0
2026-08-03 17:40:46,-7.8,-8.5,0.0,4.0,28.0
2026-08-03 17:39:46,-7.7,-8.4,0.0,4.0,28.0
2026-08-03 17:38:46,-7.6,-8.3,0.0,4.0,28.0
2026-08-03 17:37:46,-7.6,-8.3,0.0,4.0,28.0
2026-08-03 17:36:46,-7.5,-8.2,0.0,4.0,28.0
2026-08-03 17:35:46,-7.4,-8.1,0.0,4.0,28.0
2026-08-03 17:34:46,-7.3,-7.9,0.0,4.0,28.0
2026-08-03 17:33:46,-7.2,-7.8,0.0,4.0,28.0
2026-08-03 17:32:46,-6.6,-7.5,0.0,4.0,29.0
2026-08-03 17:31:46,-7.5,-8.4,0.0,4.0,28.0
2026-08-03 17:30:46,-7.5,-8.3,0.0,5.0,28.0
2026-08-03 17:29:46,-7.6,-8.3,1.0,5.0,28.0
2026-08-03 17:28:46,-7.6,-8.3,1.0,5.0,26.0
2026-08-03 17:27:46,-7.5,-8.2,0.0,4.0,28.0
2026-08-03 17:26:46,-7.4,-8.2,0.0,4.0,28.0
2026-08-03 17:25:46,-7.4,-8.1,0.0,4.0,28.0
2026-08-03 17:24:46,-7.4,-8.0,0.0,4.0,28.0
2026-08-03 17:23:46,-7.3,-7.9,0.0,4.0,29.0
2026-08-03 17:22:46,-7.2,-7.8,0.0,5.0,29.0
2026-08-03 17:21:46,-7.1,-7.7,0.0,5.0,29.0
2026-08-03 17:20:46,-7.0,-7.7,0.0,5.0,29.0
2026-08-03 17:19:46,-6.9,-7.5,0.0,5.0,29.0
2026-08-03 17:18:46,-6.8,-7.4,1.0,5.0,29.0
2026-08-03 17:17:46,-6.6,-7.1,1.0,5.0,29.0
2026-08-03 17:16:46,-6.0,-6.8,1.0,5.0,28.0
2026-08-03 17:15:46,-7.3,-8.1,0.0,5.0,29.0
2026-08-03 17:14:46,-7.2,-8.0,0.0,5.0,29.0
2026-08-03 17:13:46,-7.2,-8.0,0.0,5.0,29.0
2026-08-03 17:12:46,-7.2,-7.9,1.0,5.0,29.0
2026-08-03 17:11:46,-7.1,-7.9,1.0,5.0,29.0
2026-08-03 17:10:46,-7.0,-7.8,1.0,5.0,29.0
2026-08-03 17:09:46,-7.1,-7.8,1.0,5.0,29.0
2026-08-03 17:08:46,-6.9,-7.7,1.0,5.0,29.0
2026-08-03 17:07:46,-6.9,-7.6,1.0,5.0,29.0
2026-08-03 17:06:46,-6.8,-7.6,1.0,6.0,29.0
2026-08-03 17:05:46,-6.7,-7.5,1.0,6.0,29.0
2026-08-03 17:04:46,-6.7,-7.4,1.0,6.0,30.0
2026-08-03 17:03:46,-6.7,-7.4,1.0,6.0,30.0
2026-08-03 17:02:46,-6.5,-7.3,1.0,6.0,30.0
2026-08-03 17:01:46,-6.5,-7.2,1.0,6.0,30.0
2026-08-03 17:00:46,-6.5,-7.2,2.0,6.0,30.0
2026-08-03 16:59:46,-6.4,-7.1,2.0,6.0,30.0
2026-08-03 16:58:46,-6.3,-7.1,2.0,6.0,30.0
2026-08-03 16:57:46,-6.2,-7.0,2.0,6.0,30.0
2026-08-03 16:56:46,-6.2,-6.9,2.0,7.0,30.0
2026-08-03 16:55:46,-6.1,-6.8,2.0,7.0,30.0
2026-08-03 16:54:46,-6.0,-6.7,2.0,7.0,30.0
2026-08-03 16:53:46,-6.0,-6.7,3.0,7.0,30.0
2026-08-03 16:52:46,-5.8,-6.6,3.0,7.0,30.0
2026-08-03 16:51:46,-5.8,-6.5,3.0,7.0,30.0
2026-08-03 16:50:46,-5.8,-6.5,3.0,7.0,30.0
2026-08-03 16:49:46,-5.6,-6.4,3.0,7.0,30.0
2026-08-03 16:48:46,-5.6,-6.3,3.0,7.0,30.0
2026-08-03 16:47:46,-5.5,-6.2,3.0,8.0,30.0
2026-08-03 16:46:46,-5.4,-6.1,3.0,8.0,30.0
2026-08-03 16:45:46,-5.3,-6.0,3.0,8.0,30.0
2026-08-03 16:44:46,-5.2,-6.0,4.0,8.0,30.0
2026-08-03 16:43:46,-5.1,-5.9,4.0,8.0,30.0
2026-08-03 16:42:46,-5.0,-5.8,4.0,8.0,30.0
2026-08-03 16:41:46,-4.9,-5.7,4.0,8.0,30.0
2026-08-03 16:40:46,-4.9,-5.6,4.0,8.0,30.0
2026-08-03 16:39:46,-4.8,-5.5,4.0,8.0,30.0
2026-08-03 16:38:46,-4.7,-5.5,4.0,9.0,30.0
2026-08-03 16:37:46,-4.6,-5.4,5.0,9.0,30.0
2026-08-03 16:36:46,-4.6,-5.4,5.0,9.0,29.0
2026-08-03 16:35:46,-4.5,-5.3,4.0,8.0,30.0
2026-08-03 16:34:46,-4.5,-5.2,5.0,9.0,31.0
2026-08-03 16:33:46,-4.4,-5.1,5.0,9.0,31.0
2026-08-03 16:32:46,-4.2,-5.0,5.0,9.0,31.0
2026-08-03 16:31:46,-4.1,-4.8,5.0,9.0,31.0
2026-08-03 16:30:46,-4.0,-4.8,5.0,9.0,31.0
2026-08-03 16:29:46,-4.0,-4.7,5.0,10.0,31.0
2026-08-03 16:29:06,-4.0,-4.7,5.0,10.0,31.0
2026-08-03 16:28:17,-3.8,-4.4,5.0,10.0,31.0
2026-08-03 16:27:17,-3.7,-4.3,5.0,10.0,31.0
2026-08-03 16:26:17,-3.6,-4.2,6.0,10.0,31.0
2026-08-03 16:25:17,-3.4,-4.1,6.0,10.0,31.0
2026-08-03 16:24:17,-3.3,-4.0,6.0,10.0,31.0
2026-08-03 16:23:17,-3.2,-3.8,6.0,10.0,30.0
2026-08-03 16:22:17,-3.1,-3.7,6.0,10.0,30.0
2026-08-03 16:21:17,-3.0,-3.6,6.0,10.0,30.0
2026-08-03 16:20:17,-2.9,-3.4,6.0,11.0,30.0
2026-08-03 16:19:17,-2.8,-3.2,7.0,11.0,30.0
2026-08-03 16:18:17,-2.7,-3.1,7.0,11.0,30.0
2026-08-03 16:17:17,-2.6,-2.9,7.0,11.0,30.0
2026-08-03 16:16:17,-2.4,-2.7,7.0,11.0,30.0
2026-08-03 16:15:17,-2.3,-2.5,8.0,11.0,30.0
2026-08-03 16:14:20,-2.1,-2.3,8.0,11.0,30.0
2026-08-03 16:13:17,-2.0,-2.1,8.0,11.0,30.0
2026-08-03 16:12:17,-1.8,-1.8,9.0,11.0,29.0
2026-08-03 16:11:17,-1.3,-1.5,9.0,12.0,28.0
2026-08-03 16:10:17,-1.9,-1.9,8.0,11.0,29.0
2026-08-03 16:09:17,-1.8,-1.6,9.0,11.0,30.0
2026-08-03 16:08:17,-1.5,-1.4,9.0,11.0,29.0
2026-08-03 16:07:17,-1.4,-1.1,10.0,11.0,29.0
2026-08-03 16:06:17,-1.1,-0.7,10.0,11.0,29.0
2026-08-03 16:05:17,-0.8,-0.3,10.0,12.0,29.0
2026-08-03 16:04:17,-0.5,0.2,11.0,12.0,29.0
